{
	"type":"origins:multiple",
	"thick_skin":{
		"type":"origins:modify_damage_taken",
		"damage_condition":{
			"type":"origins:projectile"
		},
		"modifier":{
			"operation":"multiply_total",
			"value":-0.5
		},
		"self_action":{
			"type":"origins:play_sound",
			"sound":"minecraft:entity.hoglin.step",
			"volume":1,
			"pitch":1
		}
	},
	"weight":{
		"type":"origins:attribute",
		"modifier":{
			"attribute":"minecraft:generic.knockback_resistance",
			"operation":"addition",
			"value":0.85
		}
	}
}