{
	"type":"origins:action_over_time",
	"rising_action":{
		"type":"origins:and",
		"actions":[
			{
				"type":"origins:execute_command",
				"command":"data modify entity @s Attributes[{Name:\"minecraft:generic.follow_range\"}].Base set value 0"
			},
			{
				"type":"origins:delay",
				"ticks":2,
				"action":{
					"type":"origins:execute_command",
					"command":"data modify entity @s Attributes[{Name:\"minecraft:generic.follow_range\"}].Base set value 16"
				}
			},
			{
				"type":"origins:delay",
				"ticks":3,
				"action":{
					"type":"origins:execute_command",
					"command":"power revoke @s origins-plus-plus:calamitous-rogue/eff/deaggro"
				}
			}
		]
	},
	"interval":1
}