{
	"type":"origins:multiple",
	"duration":{
		"type":"origins:resource",
		"min":0,
		"max":10,
		"hud_render":{
			"sprite_location":"origins:textures/gui/community/spiderkolo/resource_bar_02.png",
			"bar_index":7
		}
	},
	"tick_down":{
		"type":"origins:action_over_time",
		"entity_action":{
			"type":"origins:change_resource",
			"resource":"*:*_duration",
			"change":1
		},
		"interval":20
	},
	"remove":{
		"type":"origins:action_over_time",
		"entity_action":{
			"type":"origins:and",
			"actions":[
				{
					"type":"origins:execute_command",
					"command":"power revoke @s origins-plus-plus:calamitous-rogue/eff/police"
				},
				{
					"type":"origins:if_else",
					"condition":{
						"type":"origins:command",
						"command":"execute if entity @e[type=minecraft:villager,distance=..6]",
						"compare_to":0,
						"comparison":">"
					},
					"if_action":{
						"type":"origins:area_of_effect",
						"radius":32,
						"bientity_action":{
							"type":"origins:damage",
							"amount":0,
							"source":{
								"name":"aggro",
								"bypasses_armor":true
							}
						},
						"bientity_condition":{
							"type":"origins:target_condition",
							"condition":{
								"type":"origins:entity_type",
								"entity_type":"minecraft:iron_golem"
							}
						}
					}
				},
				{
					"type":"origins:change_resource",
					"resource":"*:stealth_bar",
					"change":-5
				}
			]
		},
		"interval":1,
		"condition":{
			"type":"origins:resource",
			"resource":"*:*_duration",
			"compare_to":10,
			"comparison":"=="
		}
	}
}