{
	"type":"origins:self_action_on_hit",
	"entity_action":{
		"type":"origins:if_else",
		"condition":{
			"type":"origins:power_active",
			"power":"origins-plus-plus:automaton/toggle"
		},
		"if_action":{
			"type":"origins:if_else",
			"condition":{
				"type":"origins:resource",
				"resource":"origins-plus-plus:automaton/waterbar",
				"comparison":">",
				"compare_to":1499
			},
			"if_action":{
				"type":"origins:execute_command",
				"command":"function origins-plus-plus:automaton/decrease_waterbar"
			}
		},
		"else_action":{
			"type":"origins:if_else",
			"condition":{
				"type":"origins:resource",
				"resource":"origins-plus-plus:automaton/firebar",
				"comparison":">",
				"compare_to":1499
			},
			"if_action":{
				"type":"origins:execute_command",
				"command":"function origins-plus-plus:automaton/decrease_firebar"
			}
		}
	},
	"cooldown":40,
	"hidden":true
}