{
	"type":"origins:multiple",
	"hidden":true,
	"fireball":{
		"type":"origins:fire_projectile",
		"entity_type":"minecraft:fireball",
		"cooldown":500,
		"condition":{
			"type":"origins:and",
			"conditions":[
				{
					"type":"origins:power_active",
					"power":"origins-plus-plus:automaton/toggle",
					"inverted":true
				},
				{
					"type":"origins:resource",
					"resource":"origins-plus-plus:automaton/firebar",
					"comparison":">",
					"compare_to":4999
				}
			]
		},
		"tag":"{ExplosionPower:5}",
		"key":"key.origins.primary_active"
	},
	"modify_resource":{
		"type":"origins:active_self",
		"entity_action":{
			"type":"origins:and",
			"actions":[
				{
					"type":"origins:delay",
					"ticks":5,
					"action":{
						"type":"origins:execute_command",
						"command":"resource change @s origins-plus-plus:automaton/firebar -5000"
					}
				},
				{
					"type":"origins:execute_command",
					"command":"function origins-plus-plus:automaton/fire_elemental_attack"
				}
			]
		},
		"condition":{
			"type":"origins:and",
			"conditions":[
				{
					"type":"origins:power_active",
					"power":"origins-plus-plus:automaton/toggle",
					"inverted":true
				},
				{
					"type":"origins:resource",
					"resource":"origins-plus-plus:automaton/firebar",
					"comparison":">",
					"compare_to":4999
				}
			]
		},
		"key":"key.origins.primary_active",
		"cooldown":500
	}
}