{
	"type":"origins:multiple",
	"hidden":true,
	"coals":{
		"type":"origins:active_self",
		"entity_action":{
			"type":"origins:and",
			"actions":[
				{
					"type":"origins:execute_command",
					"command":"function origins-plus-plus:automaton/firebar_increase_coal"
				},
				{
					"type":"origins:equipped_item_action",
					"equipment_slot":"mainhand",
					"action":{
						"type":"origins:consume",
						"amount":1
					}
				}
			]
		},
		"condition":{
			"type":"origins:equipped_item",
			"equipment_slot":"mainhand",
			"item_condition":{
				"type":"origins:ingredient",
				"ingredient":{
					"tag":"minecraft:coals"
				}
			}
		},
		"cooldown":5,
		"key":"key.use"
	},
	"coal_block":{
		"type":"origins:active_self",
		"entity_action":{
			"type":"origins:and",
			"actions":[
				{
					"type":"origins:execute_command",
					"command":"function origins-plus-plus:automaton/firebar_increase_coal_block"
				},
				{
					"type":"origins:equipped_item_action",
					"equipment_slot":"mainhand",
					"action":{
						"type":"origins:consume",
						"amount":1
					}
				}
			]
		},
		"condition":{
			"type":"origins:and",
			"conditions":[
				{
					"type":"origins:equipped_item",
					"equipment_slot":"mainhand",
					"item_condition":{
						"type":"origins:ingredient",
						"ingredient":{
							"item":"minecraft:coal_block"
						}
					}
				},
				{
					"type":"origins:sneaking"
				}
			]
		},
		"cooldown":5,
		"key":"key.use"
	},
	"lava_bucket":{
		"type":"origins:active_self",
		"entity_action":{
			"type":"origins:and",
			"actions":[
				{
					"type":"origins:execute_command",
					"command":"function origins-plus-plus:automaton/firebar_increase_lava"
				},
				{
					"type":"origins:equipped_item_action",
					"equipment_slot":"mainhand",
					"action":{
						"type":"origins:consume",
						"amount":1
					}
				}
			]
		},
		"condition":{
			"type":"origins:and",
			"conditions":[
				{
					"type":"origins:equipped_item",
					"equipment_slot":"mainhand",
					"item_condition":{
						"type":"origins:ingredient",
						"ingredient":{
							"item":"minecraft:lava_bucket"
						}
					}
				},
				{
					"type":"origins:sneaking"
				}
			]
		},
		"cooldown":500,
		"key":"key.use"
	}
}