{
	"type":"origins:multiple",
	"hidden":true,
	"slowness":{
		"type":"origins:target_action_on_hit",
		"entity_action":{
			"type":"origins:and",
			"actions":[
				{
					"type":"origins:apply_effect",
					"effect":{
						"effect":"minecraft:slowness",
						"duration":30
					}
				},
				{
					"type":"origins:add_velocity",
					"y":0.4
				},
				{
					"type":"origins:extinguish"
				},
				{
					"type":"origins:execute_command",
					"command":"function origins-plus-plus:automaton/water_attack"
				}
			]
		},
		"condition":{
			"type":"origins:and",
			"conditions":[
				{
					"type":"origins:power_active",
					"power":"origins-plus-plus:automaton/toggle"
				},
				{
					"type":"origins:resource",
					"resource":"origins-plus-plus:automaton/waterbar",
					"comparison":">",
					"compare_to":1499
				}
			]
		},
		"cooldown":40
	},
	"knockback":{
		"type":"origins:action_on_hit",
		"bientity_action":{
			"type":"origins:add_velocity",
			"z":0.75
		},
		"condition":{
			"type":"origins:and",
			"conditions":[
				{
					"type":"origins:power_active",
					"power":"origins-plus-plus:automaton/toggle"
				},
				{
					"type":"origins:resource",
					"resource":"origins-plus-plus:automaton/waterbar",
					"comparison":">",
					"compare_to":1499
				}
			]
		}
	}
}