{
	"type":"origins:multiple",
	"cold_slow":{
		"type":"origins:stacking_status_effect",
		"min_stacks":0,
		"max_stacks":1,
		"duration_per_stack":20,
		"effect":{
			"effect":"minecraft:slowness",
			"amplifier":1,
			"show_particles":false,
			"show_icon":false
		},
		"condition":{
			"type":"origins:and",
			"conditions":[
				{
					"type":"origins:resource",
					"resource":"origins-plus-plus:cobra/cold_resource",
					"comparison":">",
					"compare_to":0
				},
				{
					"type":"origins:resource",
					"resource":"origins-plus-plus:cobra/cold_resource",
					"comparison":"<",
					"compare_to":200
				}
			]
		}
	},
	"freeze_slow":{
		"type":"origins:stacking_status_effect",
		"min_stacks":0,
		"max_stacks":1,
		"duration_per_stack":20,
		"effect":{
			"effect":"minecraft:slowness",
			"amplifier":2,
			"show_particles":false,
			"show_icon":false
		},
		"condition":{
			"type":"origins:resource",
			"resource":"origins-plus-plus:cobra/cold_resource",
			"comparison":"==",
			"compare_to":200
		}
	},
	"cold_damage":{
		"type":"origins:damage_over_time",
		"interval":24,
		"onset_delay":1,
		"damage":2,
		"source":{
			"name":"freeze",
			"unblockable":true,
			"bypasses_armor":true
		},
		"condition":{
			"type":"origins:resource",
			"resource":"origins-plus-plus:cobra/cold_resource",
			"comparison":"==",
			"compare_to":200
		}
	},
	"cold_skin":{
		"type":"origins:model_color",
		"red":0.7,
		"green":0.7,
		"blue":1,
		"alpha":1,
		"condition":{
			"type":"origins:and",
			"conditions":[
				{
					"type":"origins:resource",
					"resource":"origins-plus-plus:cobra/cold_resource",
					"comparison":">",
					"compare_to":0
				},
				{
					"type":"origins:resource",
					"resource":"origins-plus-plus:cobra/cold_resource",
					"comparison":"<",
					"compare_to":200
				}
			]
		}
	},
	"frozen_skin":{
		"type":"origins:model_color",
		"red":0.5,
		"green":0.5,
		"blue":1,
		"alpha":1,
		"condition":{
			"type":"origins:resource",
			"resource":"origins-plus-plus:cobra/cold_resource",
			"comparison":"==",
			"compare_to":200
		}
	},
	"hidden":true
}