{
	"type":"origins:active_self",
	"entity_action":{
		"type":"origins:and",
		"actions":[
			{
				"type":"origins:execute_command",
				"command":"function origins-plus-plus:corrupted-wither/start"
			},
			{
				"type":"origins:execute_command",
				"command":"function origins-plus-plus:corrupted-wither/save_motion"
			},
			{
				"type":"origins:delay",
				"action":{
					"type":"origins:execute_command",
					"command":"function origins-plus-plus:corrupted-wither/stop"
				},
				"ticks":1000
			},
			{
				"type":"origins:delay",
				"action":{
					"type":"origins:execute_command",
					"command":"function origins-plus-plus:corrupted-wither/resume_motion"
				},
				"ticks":1000
			}
		]
	},
	"hud_render":{
		"sprite_location":"origins:textures/gui/community/huang/resource_bar_02.png",
		"bar_index":1
	},
	"key":"key.origins.secondary_active"
}