{
	"powers":[
		"origins:tailwind",
		"origins:slow_falling",
		"origins-plus-plus:sporeling/decomposer",
		"origins-plus-plus:sporeling/fire_damage",
		"origins-plus-plus:sporeling/health",
		"origins-plus-plus:sporeling/jockey",
		"origins-plus-plus:sporeling/light_armor",
		"origins-plus-plus:sporeling/poison_spread_attack",
		"origins-plus-plus:sporeling/small",
		"origins-plus-plus:sporeling/speed",
		"origins-plus-plus:sporeling/updraft"
	],
	"icon":"minecraft:brown_mushroom",
	"impact":3,
	"upgrades":[
		{
			"condition":"minecraft:end/kill_dragon",
			"origin":"origins-plus-plus:shroomling"
		}
	]
}