{
	"type":"origins:multiple",
	"more_infire_damage":{
		"type":"origins:modify_damage_taken",
		"damage_condition":{
			"type":"origins:name",
			"name":"inFire"
		},
		"modifier":{
			"operation":"multiply_total",
			"value":2
		}
	},
	"more_onfire_damage":{
		"type":"origins:modify_damage_taken",
		"damage_condition":{
			"type":"origins:name",
			"name":"onFire"
		},
		"modifier":{
			"operation":"multiply_total",
			"value":2
		}
	},
	"more_lighting_damage":{
		"type":"origins:modify_damage_taken",
		"damage_condition":{
			"type":"origins:name",
			"name":"lightningBolt"
		},
		"modifier":{
			"operation":"multiply_total",
			"value":1
		}
	},
	"more_lava_damage":{
		"type":"origins:modify_damage_taken",
		"damage_condition":{
			"type":"origins:name",
			"name":"lava"
		},
		"modifier":{
			"operation":"multiply_total",
			"value":5
		}
	},
	"more_firework_damage":{
		"type":"origins:modify_damage_taken",
		"damage_condition":{
			"type":"origins:name",
			"name":"fireworks"
		},
		"modifier":{
			"operation":"multiply_total",
			"value":2
		}
	}
}