{
	"type":"origins:multiple",
	"modifier":{
		"type":"origins:modify_status_effect_amplifier",
		"status_effect":"minecraft:speed",
		"modifier":{
			"operation":"addition",
			"value":1
		}
	},
	"m":{
		"type":"origins:modify_status_effect_amplifier",
		"status_effect":"minecraft:blindness",
		"modifier":{
			"operation":"addition",
			"value":1
		}
	},
	"m2":{
		"type":"origins:modify_status_effect_amplifier",
		"status_effect":"minecraft:glowing",
		"modifier":{
			"operation":"addition",
			"value":1
		}
	},
	"m3":{
		"type":"origins:modify_status_effect_amplifier",
		"status_effect":"minecraft:hunger",
		"modifier":{
			"operation":"addition",
			"value":1
		}
	},
	"m5":{
		"type":"origins:modify_status_effect_amplifier",
		"status_effect":"minecraft:levitation",
		"modifier":{
			"operation":"addition",
			"value":1
		}
	},
	"m6":{
		"type":"origins:modify_status_effect_amplifier",
		"status_effect":"minecraft:mining_fatigue",
		"modifier":{
			"operation":"addition",
			"value":1
		}
	},
	"m7":{
		"type":"origins:modify_status_effect_amplifier",
		"status_effect":"minecraft:nausea",
		"modifier":{
			"operation":"addition",
			"value":1
		}
	},
	"m8":{
		"type":"origins:modify_status_effect_amplifier",
		"status_effect":"minecraft:poison",
		"modifier":{
			"operation":"addition",
			"value":1
		}
	},
	"m9":{
		"type":"origins:modify_status_effect_amplifier",
		"status_effect":"minecraft:slowness",
		"modifier":{
			"operation":"addition",
			"value":1
		}
	},
	"m10":{
		"type":"origins:modify_status_effect_amplifier",
		"status_effect":"minecraft:weakness",
		"modifier":{
			"operation":"addition",
			"value":1
		}
	},
	"m11":{
		"type":"origins:modify_status_effect_amplifier",
		"status_effect":"minecraft:wither",
		"modifier":{
			"operation":"addition",
			"value":1
		}
	},
	"m12":{
		"type":"origins:modify_status_effect_amplifier",
		"status_effect":"minecraft:unluck",
		"modifier":{
			"operation":"addition",
			"value":1
		}
	},
	"m13":{
		"type":"origins:modify_status_effect_amplifier",
		"status_effect":"minecraft:haste",
		"modifier":{
			"operation":"addition",
			"value":1
		}
	},
	"m14":{
		"type":"origins:modify_status_effect_amplifier",
		"status_effect":"minecraft:strength",
		"modifier":{
			"operation":"addition",
			"value":1
		}
	},
	"m16":{
		"type":"origins:modify_status_effect_amplifier",
		"status_effect":"minecraft:instant_damage",
		"modifier":{
			"operation":"addition",
			"value":1
		}
	},
	"m17":{
		"type":"origins:modify_status_effect_amplifier",
		"status_effect":"minecraft:jump_boost",
		"modifier":{
			"operation":"addition",
			"value":1
		}
	},
	"m18":{
		"type":"origins:modify_status_effect_amplifier",
		"status_effect":"minecraft:regeneration",
		"modifier":{
			"operation":"addition",
			"value":1
		}
	},
	"m19":{
		"type":"origins:modify_status_effect_amplifier",
		"status_effect":"minecraft:resistance",
		"modifier":{
			"operation":"addition",
			"value":1
		}
	},
	"m20":{
		"type":"origins:modify_status_effect_amplifier",
		"status_effect":"minecraft:fire_resistance",
		"modifier":{
			"operation":"addition",
			"value":1
		}
	},
	"m21":{
		"type":"origins:modify_status_effect_amplifier",
		"status_effect":"minecraft:invisibility",
		"modifier":{
			"operation":"addition",
			"value":1
		}
	},
	"m22":{
		"type":"origins:modify_status_effect_amplifier",
		"status_effect":"minecraft:health_boost",
		"modifier":{
			"operation":"addition",
			"value":1
		}
	},
	"m23":{
		"type":"origins:modify_status_effect_amplifier",
		"status_effect":"minecraft:absorption",
		"modifier":{
			"operation":"addition",
			"value":1
		}
	},
	"m24":{
		"type":"origins:modify_status_effect_amplifier",
		"status_effect":"minecraft:saturation",
		"modifier":{
			"operation":"addition",
			"value":1
		}
	},
	"m25":{
		"type":"origins:modify_status_effect_amplifier",
		"status_effect":"minecraft:luck",
		"modifier":{
			"operation":"addition",
			"value":1
		}
	},
	"m27":{
		"type":"origins:modify_status_effect_amplifier",
		"status_effect":"minecraft:slow_falling",
		"modifier":{
			"operation":"addition",
			"value":1
		}
	}
}