{
	"type":"origins:multiple",
	"eff0":{
		"type":"origins:modify_break_speed",
		"block_condition":{
			"type":"origins:block",
			"block":"minecraft:bedrock"
		},
		"modifier":{
			"operation":"addition",
			"value":0.005
		},
		"condition":{
			"type":"origins:and",
			"conditions":[
				{
					"type":"origins:equipped_item",
					"equipment_slot":"mainhand",
					"item_condition":{
						"type":"origins:and",
						"conditions":[
							{
								"type":"origins:enchantment",
								"enchantment":"minecraft:efficiency",
								"comparison":"==",
								"compare_to":0
							},
							{
								"type":"origins:harvest_level",
								"comparison":">=",
								"compare_to":4
							}
						]
					}
				},
				{
					"type":"origins:origin",
					"origin":"origins-plus-plus:bedrockean"
				}
			]
		}
	},
	"eff1":{
		"type":"origins:modify_break_speed",
		"block_condition":{
			"type":"origins:block",
			"block":"minecraft:bedrock"
		},
		"modifier":{
			"operation":"addition",
			"value":0.006
		},
		"condition":{
			"type":"origins:and",
			"conditions":[
				{
					"type":"origins:equipped_item",
					"equipment_slot":"mainhand",
					"item_condition":{
						"type":"origins:and",
						"conditions":[
							{
								"type":"origins:enchantment",
								"enchantment":"minecraft:efficiency",
								"comparison":"==",
								"compare_to":1
							},
							{
								"type":"origins:harvest_level",
								"comparison":">=",
								"compare_to":4
							}
						]
					}
				},
				{
					"type":"origins:origin",
					"origin":"origins-plus-plus:bedrockean"
				}
			]
		}
	},
	"eff2":{
		"type":"origins:modify_break_speed",
		"block_condition":{
			"type":"origins:block",
			"block":"minecraft:bedrock"
		},
		"modifier":{
			"operation":"addition",
			"value":0.0065
		},
		"condition":{
			"type":"origins:and",
			"conditions":[
				{
					"type":"origins:equipped_item",
					"equipment_slot":"mainhand",
					"item_condition":{
						"type":"origins:and",
						"conditions":[
							{
								"type":"origins:enchantment",
								"enchantment":"minecraft:efficiency",
								"comparison":"==",
								"compare_to":2
							},
							{
								"type":"origins:harvest_level",
								"comparison":">=",
								"compare_to":4
							}
						]
					}
				},
				{
					"type":"origins:origin",
					"origin":"origins-plus-plus:bedrockean"
				}
			]
		}
	},
	"eff3":{
		"type":"origins:modify_break_speed",
		"block_condition":{
			"type":"origins:block",
			"block":"minecraft:bedrock"
		},
		"modifier":{
			"operation":"addition",
			"value":0.007
		},
		"condition":{
			"type":"origins:and",
			"conditions":[
				{
					"type":"origins:equipped_item",
					"equipment_slot":"mainhand",
					"item_condition":{
						"type":"origins:and",
						"conditions":[
							{
								"type":"origins:enchantment",
								"enchantment":"minecraft:efficiency",
								"comparison":"==",
								"compare_to":3
							},
							{
								"type":"origins:harvest_level",
								"comparison":">=",
								"compare_to":4
							}
						]
					}
				},
				{
					"type":"origins:origin",
					"origin":"origins-plus-plus:bedrockean"
				}
			]
		}
	},
	"eff4":{
		"type":"origins:modify_break_speed",
		"block_condition":{
			"type":"origins:block",
			"block":"minecraft:bedrock"
		},
		"modifier":{
			"operation":"addition",
			"value":0.0075
		},
		"condition":{
			"type":"origins:and",
			"conditions":[
				{
					"type":"origins:equipped_item",
					"equipment_slot":"mainhand",
					"item_condition":{
						"type":"origins:and",
						"conditions":[
							{
								"type":"origins:enchantment",
								"enchantment":"minecraft:efficiency",
								"comparison":"==",
								"compare_to":4
							},
							{
								"type":"origins:harvest_level",
								"comparison":">=",
								"compare_to":4
							}
						]
					}
				},
				{
					"type":"origins:origin",
					"origin":"origins-plus-plus:bedrockean"
				}
			]
		}
	},
	"eff5":{
		"type":"origins:modify_break_speed",
		"block_condition":{
			"type":"origins:block",
			"block":"minecraft:bedrock"
		},
		"modifier":{
			"operation":"addition",
			"value":0.008
		},
		"condition":{
			"type":"origins:and",
			"conditions":[
				{
					"type":"origins:equipped_item",
					"equipment_slot":"mainhand",
					"item_condition":{
						"type":"origins:and",
						"conditions":[
							{
								"type":"origins:enchantment",
								"enchantment":"minecraft:efficiency",
								"comparison":"==",
								"compare_to":5
							},
							{
								"type":"origins:harvest_level",
								"comparison":">=",
								"compare_to":4
							}
						]
					}
				},
				{
					"type":"origins:origin",
					"origin":"origins-plus-plus:bedrockean"
				}
			]
		}
	}
}