{
	"type":"origins:invulnerability",
	"condition":{
		"type":"origins:power_active",
		"power":"origins-plus-plus:bedrockean/toggle"
	},
	"damage_condition":{
		"type":"origins:or",
		"conditions":[
			{
				"type":"origins:name",
				"name":"cactus"
			},
			{
				"type":"origins:name",
				"name":"sweetBerryBush"
			},
			{
				"type":"origins:name",
				"name":"lightningBolt"
			},
			{
				"type":"origins:name",
				"name":"inFire"
			},
			{
				"type":"origins:name",
				"name":"onFire"
			},
			{
				"type":"origins:name",
				"name":"lava"
			},
			{
				"type":"origins:name",
				"name":"hotFloor"
			},
			{
				"type":"origins:name",
				"name":"inWall"
			},
			{
				"type":"origins:name",
				"name":"cramming"
			},
			{
				"type":"origins:name",
				"name":"drown"
			},
			{
				"type":"origins:name",
				"name":"fall"
			},
			{
				"type":"origins:name",
				"name":"flyIntoWall"
			},
			{
				"type":"origins:name",
				"name":"generic"
			},
			{
				"type":"origins:name",
				"name":"magic"
			},
			{
				"type":"origins:name",
				"name":"wither"
			},
			{
				"type":"origins:name",
				"name":"dragonBreath"
			},
			{
				"type":"origins:name",
				"name":"dryout"
			},
			{
				"type":"origins:name",
				"name":"sting"
			},
			{
				"type":"origins:name",
				"name":"mob"
			},
			{
				"type":"origins:name",
				"name":"player"
			},
			{
				"type":"origins:name",
				"name":"arrow"
			},
			{
				"type":"origins:name",
				"name":"trident"
			},
			{
				"type":"origins:name",
				"name":"fireworks"
			},
			{
				"type":"origins:name",
				"name":"witherSkull"
			},
			{
				"type":"origins:name",
				"name":"thrown"
			},
			{
				"type":"origins:name",
				"name":"indirectMagic"
			},
			{
				"type":"origins:name",
				"name":"thorns"
			},
			{
				"type":"origins:name",
				"name":"explosion.player"
			},
			{
				"type":"origins:name",
				"name":"explosion"
			},
			{
				"type":"origins:name",
				"name":"badRespawnPoint"
			},
			{
				"type":"origins:name",
				"name":"void"
			},
			{
				"type":"origins:name",
				"name":"fallingStalactite"
			},
			{
				"type":"origins:name",
				"name":"freeze"
			},
			{
				"type":"origins:projectile"
			}
		]
	},
	"hidden":true
}