{
	"type":"origins:multiple",
	"sum":{
		"type":"origins:active_self",
		"entity_action":{
			"type":"origins:if_else",
			"condition":{
				"type":"origins:power_active",
				"power":"origins-plus-plus:bedrockean/toggle",
				"inverted":true
			},
			"if_action":{
				"type":"origins:execute_command",
				"command":"execute at @s run kill @e[tag=Bedrockean,sort=nearest,limit=1]"
			},
			"else_action":{
				"type":"origins:execute_command",
				"command":"execute at @s run summon minecraft:falling_block ~ ~ ~ {BlockState:{Name:\"minecraft:bedrock\"},Time:1,Tags:[\"Bedrockean\"],NoGravity:1b,DropItem:0b}"
			}
		}
	},
	"spawn":{
		"type":"origins:action_over_time",
		"entity_action":{
			"type":"origins:execute_command",
			"command":"execute at @s run data modify entity @e[type=minecraft:falling_block,tag=Bedrockean,limit=1,sort=nearest] Time set value 1"
		},
		"interval":20,
		"condition":{
			"type":"origins:power_active",
			"power":"origins-plus-plus:bedrockean/toggle"
		}
	},
	"tp":{
		"type":"origins:action_over_time",
		"entity_action":{
			"type":"origins:execute_command",
			"command":"execute at @s run tp @e[type=minecraft:falling_block,tag=Bedrockean,limit=1,sort=nearest] ~ ~ ~ facing entity @s eyes"
		},
		"interval":1,
		"condition":{
			"type":"origins:power_active",
			"power":"origins-plus-plus:bedrockean/toggle"
		}
	},
	"hidden":true
}