{
	"type":"origins:active_self",
	"entity_action":{
		"type":"origins:and",
		"actions":[
			{
				"type":"origins:equipped_item_action",
				"equipment_slot":"mainhand",
				"action":{
					"type":"origins:consume",
					"amount":1
				}
			},
			{
				"type":"origins:apply_effect",
				"effect":{
					"effect":"minecraft:saturation",
					"duration":2,
					"show_particles":false,
					"show_icon":false
				}
			}
		]
	},
	"cooldown":50,
	"key":"key.use",
	"condition":{
		"type":"origins:equipped_item",
		"equipment_slot":"mainhand",
		"item_condition":{
			"type":"origins:ingredient",
			"ingredient":{
				"tag":"origins-plus-plus:seeds"
			}
		}
	},
	"hidden":true
}