{
	"type":"origins:multiple",
	"timer":{
		"type":"origins:cooldown",
		"cooldown":200,
		"hud_render":{
			"should_render":false
		}
	},
	"trigger":{
		"type":"origins:active_self",
		"entity_action":{
			"type":"origins:and",
			"actions":[
				{
					"type":"origins:trigger_cooldown",
					"power":"*:*_timer"
				},
				{
					"type":"origins:play_sound",
					"sound":"entity.parrot.ambient"
				}
			]
		},
		"cooldown":600,
		"hud_render":{
			"sprite_location":"origins:textures/gui/community/huang/resource_bar_02.png",
			"bar_index":0
		},
		"key":"key.saveToolbarActivator"
	},
	"glowing":{
		"type":"origins:entity_glow",
		"bientity_condition":{
			"type":"origins:distance",
			"comparison":"<=",
			"compare_to":20
		},
		"condition":{
			"type":"origins:resource",
			"resource":"*:*_timer",
			"comparison":">",
			"compare_to":0
		}
	}
}