{
	"powers":[
		"origins:no_shield",
		"origins-plus-plus:illusioner/better_arrow",
		"origins-plus-plus:illusioner/bow_apprentice",
		"origins-plus-plus:illusioner/friendly_pillagers",
		"origins-plus-plus:illusioner/illusion",
		"origins-plus-plus:illusioner/illusion_despawn",
		"origins-plus-plus:illusioner/illusion_formation",
		"origins-plus-plus:illusioner/illusion_tp",
		"origins-plus-plus:illusioner/scary",
		"origins-plus-plus:illusioner/sword_bad",
		"origins-plus-plus:illusioner/villager_hate"
	],
	"upgrades":[
		{
			"condition":"minecraft:end/root",
			"origin":"origins-plus-plus:illusioner/illusioner_master"
		}
	],
	"icon":"minecraft:potion",
	"impact":3,
	"unchoosable":true
}
