{
	"display":{
		"title":{
			"translate":"origins-plus-plus.advancements.petri.name"
		},
		"description":{
			"translate":"origins-plus-plus.advancements.petri.description"
		},
		"icon":{
			"item":"minecraft:heart_of_the_sea"
		},
		"announce_to_chat":false,
		"background":"minecraft:textures/gui/advancements/backgrounds/stone.png"
	},
	"criteria":{
		"a":{
			"trigger":"minecraft:inventory_changed",
			"conditions":{
				"items":[
					{
						"item":"minecraft:heart_of_the_sea",
						"nbt":"{lnc:1}"
					}
				]
			}
		}
	},
	"parent":"origins-plus-plus:deathsworn/root"
}