{
  "values":[
    {
      "id":"abnormals_delight:cooked_duck_fillet",
      "required":false
    },
    {
      "id":"abnormals_delight:cooked_perch_slice",
      "required":false
    },
    {
      "id":"abnormals_delight:cooked_pike_slice",
      "required":false
    },
    {
      "id":"abnormals_delight:cooked_venison_shanks",
      "required":false
    },
    {
      "id":"abnormals_delight:escargot",
      "required":false
    },
    {
      "id":"abnormals_delight:maple_glazed_bacon",
      "required":false
    },
    {
      "id":"abnormals_delight:duck_fillet",
      "required":false
    },
    {
      "id":"abnormals_delight:perch_slice",
      "required":false
    },
    {
      "id":"abnormals_delight:pike_slice",
      "required":false
    },
    {
      "id":"abnormals_delight:venison_shanks",
      "required":false
    },
    {
      "id":"abnormals_delight:seared_venison",
      "required":false
    },
    {
      "id":"abnormals_delight:venison_with_bamboo_shoots",
      "required":false
    },
    {
      "id":"abundant_atmosphere:cooked_frog_leg",
      "required":false
    },
    {
      "id":"abundant_atmosphere:frog_leg",
      "required":false
    },
    {
      "id":"aquaculture:turtle_soup",
      "required":false
    },
    {
      "id":"aquaculture:fish_fillet_raw",
      "required":false
    },
    {
      "id":"aquaculture:fish_fillet_cooked",
      "required":false
    },
    {
      "id":"aquaculture:atlantic_cod",
      "required":false
    },
    {
      "id":"aquaculture:blackfish",
      "required":false
    },
    {
      "id":"aquaculture:pacific_halibut",
      "required":false
    },
    {
      "id":"aquaculture:atlantic_halibut",
      "required":false
    },
    {
      "id":"aquaculture:atlantic_herring",
      "required":false
    },
    {
      "id":"aquaculture:pink_salmon",
      "required":false
    },
    {
      "id":"aquaculture:pollock",
      "required":false
    },
    {
      "id":"aquaculture:rainbow_trout",
      "required":false
    },
    {
      "id":"aquaculture:bayad",
      "required":false
    },
    {
      "id":"aquaculture:boulti",
      "required":false
    },
    {
      "id":"aquaculture:capitaine",
      "required":false
    },
    {
      "id":"aquaculture:synodontis",
      "required":false
    },
    {
      "id":"aquaculture:smallmouth_bass",
      "required":false
    },
    {
      "id":"aquaculture:brown_trout",
      "required":false
    },
    {
      "id":"aquaculture:carp",
      "required":false
    },
    {
      "id":"aquaculture:catfish",
      "required":false
    },
    {
      "id":"aquaculture:gar",
      "required":false
    },
    {
      "id":"aquaculture:minnow",
      "required":false
    },
    {
      "id":"aquaculture:muskellunge",
      "required":false
    },
    {
      "id":"aquaculture:perch",
      "required":false
    },
    {
      "id":"aquaculture:arapaima",
      "required":false
    },
    {
      "id":"aquaculture:piranha",
      "required":false
    },
    {
      "id":"aquaculture:tambaqui",
      "required":false
    },
    {
      "id":"aquaculture:brown_shrooma",
      "required":false
    },
    {
      "id":"aquaculture:red_shrooma",
      "required":false
    },
    {
      "id":"aquaculture:red_grouper",
      "required":false
    },
    {
      "id":"aquaculture:tuna",
      "required":false
    },
    {
      "id":"aquamirae:esca",
      "required":false
    },
    {
      "id":"aquamirae:sea_stew",
      "required":false
    },
    {
      "id":"aquamirae:poseidons_breakfast",
      "required":false
    },
    {
      "id":"betteranimalsplus:eel_meat_raw",
      "required":false
    },
    {
      "id":"betteranimalsplus:calamari_raw",
      "required":false
    },
    {
      "id":"betteranimalsplus:pheasantraw",
      "required":false
    },
    {
      "id":"betteranimalsplus:venisonraw",
      "required":false
    },
    {
      "id":"betteranimalsplus:turkey_leg_raw",
      "required":false
    },
    {
      "id":"betteranimalsplus:venisoncooked",
      "required":false
    },
    {
      "id":"betteranimalsplus:pheasantcooked",
      "required":false
    },
    {
      "id":"betteranimalsplus:turkey_leg_cooked",
      "required":false
    },
    {
      "id":"betteranimalsplus:eel_meat_cooked",
      "required":false
    },
    {
      "id":"betteranimalsplus:calamari_cooked",
      "required":false
    },
    {
      "id":"betteranimalsplus:fried_egg",
      "required":false
    },
    {
      "id":"betterend:end_fish_raw",
      "required":false
    },
    {
      "id":"betterend:end_fish_cooked",
      "required":false
    },
    {
      "id":"biomemakeover:glowfish",
      "required":false
    },
    {
      "id":"biomemakeover:cooked_glowfish",
      "required":false
    },
    {
      "id":"biomemakeover:raw_toad",
      "required":false
    },
    {
      "id":"biomemakeover:cooked_toad",
      "required":false
    },
    {
      "id":"biomemakeover:raw_crab",
      "required":false
    },
    {
      "id":"biomemakeover:cooked_crab",
      "required":false
    },
    {
      "id":"brewinandchewin:jerky",
      "required":false
    },
    {
      "id":"brewinandchewin:kippers",
      "required":false
    },
    {
      "id":"buzzier_bees:glazed_porkchop",
      "required":false
    },
    {
      "id":"combustivefishing:cooled_cod",
      "required":false
    },
    {
      "id":"croptopia:anchovy",
      "required":false
    },
    {
      "id":"croptopia:bacon",
      "required":false
    },
    {
      "id":"croptopia:ground_pork",
      "required":false
    },
    {
      "id":"croptopia:frog_legs",
      "required":false
    },
    {
      "id":"croptopia:calamari",
      "required":false
    },
    {
      "id":"croptopia:clam",
      "required":false
    },
    {
      "id":"croptopia:crab",
      "required":false
    },
    {
      "id":"croptopia:glowing_calamari",
      "required":false
    },
    {
      "id":"croptopia:crab_legs",
      "required":false
    },
    {
      "id":"croptopia:oyster",
      "required":false
    },
    {
      "id":"croptopia:roe",
      "required":false
    },
    {
      "id":"croptopia:shrimp",
      "required":false
    },
    {
      "id":"croptopia:tuna",
      "required":false
    },
    {
      "id":"croptopia:cooked_anchovy",
      "required":false
    },
    {
      "id":"croptopia:cooked_bacon",
      "required":false
    },
    {
      "id":"croptopia:cooked_calamari",
      "required":false
    },
    {
      "id":"croptopia:cooked_shrimp",
      "required":false
    },
    {
      "id":"croptopia:cooked_tuna",
      "required":false
    },
    {
      "id":"croptopia:scrambled_eggs",
      "required":false
    },
    {
      "id":"croptopia:sunny_side_eggs",
      "required":false
    },
    {
      "id":"croptopia:beef_jerky",
      "required":false
    },
    {
      "id":"croptopia:porky_jerky",
      "required":false
    },
    {
      "id":"croptopia:steamed_crab",
      "required":false
    },
    {
      "id":"croptopia:deep_fried_shrimp",
      "required":false
    },
    {
      "id":"croptopia:fried_calamari",
      "required":false
    },
    {
      "id":"croptopia:crab_legs",
      "required":false
    },
    {
      "id":"croptopia:steamed_clams",
      "required":false
    },
    {
      "id":"croptopia:grilled_oysters",
      "required":false
    },
    {
      "id":"croptopia:sausage",
      "required":false
    },
    {
      "id":"culturaldelights:squid",
      "required":false
    },
    {
      "id":"culturaldelights:cooked_squid",
      "required":false
    },
    {
      "id":"culturaldelights:glow_squid",
      "required":false
    },
    {
      "id":"culturaldelights:raw_calamari",
      "required":false
    },
    {
      "id":"culturaldelights:cooked_calamari",
      "required":false
    },
    {
      "id":"delightful:animal_fat",
      "required":false
    },
    {
      "id":"endersdelight:mite_crust",
      "required":false
    },
    {
      "id":"endersdelight:shulker_mollusk",
      "required":false
    },
    {
      "id":"endersdelight:shulker_filet",
      "required":false
    },
    {
      "id":"endersdelight:endermite_stew_wood",
      "required":false
    },
    {
      "id":"endersdelight:endermite_stew",
      "required":false
    },
    {
      "id":"farmersdelight:minced_beef",
      "required":false
    },
    {
      "id":"farmersdelight:beef_patty",
      "required":false
    },
    {
      "id":"farmersdelight:salmon_slice",
      "required":false
    },
    {
      "id":"farmersdelight:cod_slice",
      "required":false
    },
    {
      "id":"farmersdelight:cooked_salmon_slice",
      "required":false
    },
    {
      "id":"farmersdelight:cooked_cod_slice",
      "required":false
    },
    {
      "id":"farmersdelight:ham",
      "required":false
    },
    {
      "id":"farmersdelight:smoked_ham",
      "required":false
    },
    {
      "id":"farmersdelight:bone_broth",
      "required":false
    },
    {
      "id":"farmersdelight:bacon_and_eggs",
      "required":false
    },
    {
      "id":"farmersdelight:roasted_mutton_chops",
      "required":false
    },
    {
      "id":"farmersdelight:fried_egg",
      "required":false
    },
    {
      "id":"farmersrespite:blazing_chili",
      "required":false
    },
    {
      "id":"gofish:ender_eel",
      "required":false
    },
    {
      "id":"gofish:icicle_fish",
      "required":false
    },
    {
      "id":"gofish:lilyfish",
      "required":false
    },
    {
      "id":"gofish:matrix_fish",
      "required":false
    },
    {
      "id":"gofish:seaweed_eel",
      "required":false
    },
    {
      "id":"gofish:slimefish",
      "required":false
    },
    {
      "id":"gofish:snowball_fish",
      "required":false
    },
    {
      "id":"gofish:terrafish",
      "required":false
    },
    {
      "id":"gofish:oakfish",
      "required":false
    },
    {
      "id":"gofish:carrot_carp",
      "required":false
    },
    {
      "id":"gofish:baked_carrot_carp",
      "required":false
    },
    {
      "id":"gofish:charfish",
      "required":false
    },
    {
      "id":"gofish:blackstone_trout",
      "required":false
    },
    {
      "id":"gofish:grilled_blackstone_trout",
      "required":false
    },
    {
      "id":"gofish:gilded_blackstone_carp",
      "required":false
    },
    {
      "id":"gofish:smokey_salmon",
      "required":false
    },
    {
      "id":"gofish:soul_salmon",
      "required":false
    },
    {
      "id":"gofish:magma_cod",
      "required":false
    },
    {
      "id":"gofish:basalt_bass",
      "required":false
    },
    {
      "id":"gofish:obsidian_halibut",
      "required":false
    },
    {
      "id":"gofish:endfish",
      "required":false
    },
    {
      "id":"gofish:baked_endfish",
      "required":false
    },
    {
      "id":"gofish:chorus_cod",
      "required":false
    },
    {
      "id":"gofish:dragonfish",
      "required":false
    },
    {
      "id":"gofish:omega_floater",
      "required":false
    },
    {
      "id":"gofish:portal_puffer",
      "required":false
    },
    {
      "id":"gofish:lunarfish",
      "required":false
    },
    {
      "id":"gofish:galaxy_starfish",
      "required":false
    },
    {
      "id":"gofish:starry_salmon",
      "required":false
    },
    {
      "id":"gofish:nebula_swordfish",
      "required":false
    },
    {
      "id":"gofish:aquatic_astral_stew",
      "required":false
    },
    {
      "id":"gofish:rainy_bass",
      "required":false
    },
    {
      "id":"gofish:steamed_bass",
      "required":false
    },
    {
      "id":"gofish:cloudy_crab",
      "required":false
    },
    {
      "id":"gofish:thundering_bass",
      "required":false
    },
    {
      "id":"gofish:smoked_cloudy_crab",
      "required":false
    },
    {
      "id":"gofish:blizzard_bass",
      "required":false
    },
    {
      "id":"incubation:scrambled_eggs",
      "required":false
    },
    {
      "id":"incubation:fried_egg",
      "required":false
    },
    {
      "id":"meadow:raw_bear_meat",
      "required":false
    },
    {
      "id":"meadow:cooked_bear_meat",
      "required":false
    },
    {
      "id":"meadow:bear_stew",
      "required":false
    },
    {
      "id":"mythicupgrades:aquamarine_fish",
      "required":false
    },
    {
      "id":"naturalist:catfish",
      "required":false
    },
    {
      "id":"naturalist:bass",
      "required":false
    },
    {
      "id":"naturalist:duck",
      "required":false
    },
    {
      "id":"naturalist:venison",
      "required":false
    },
    {
      "id":"naturalist:lizard_tail",
      "required":false
    },
    {
      "id":"naturalist:cooked_duck",
      "required":false
    },
    {
      "id":"naturalist:cooked_venison",
      "required":false
    },
    {
      "id":"naturalist:cooked_lizard_tail",
      "required":false
    },
    {
      "id":"naturalist:cooked_bass",
      "required":false
    },
    {
      "id":"naturalist:cooked_catfish",
      "required":false
    },
    {
      "id":"neapolitan:chocolate_spider_eye",
      "required":false
    },
    {
      "id":"nethersdelight:warped_moldy_meat",
      "required":false
    },
    {
      "id":"nethersdelight:grilled_strider",
      "required":false
    },
    {
      "id":"nethersdelight:plate_of_stuffed_hoglin_ham",
      "required":false
    },
    {
      "id":"nethersdelight:plate_of_stuffed_hoglin_roast",
      "required":false
    },
    {
      "id":"nethersdelight:plate_of_stuffed_hoglin_snout",
      "required":false
    },
    {
      "id":"netherdepthsupgrade:lava_pufferfish",
      "required":false
    },
    {
      "id":"netherdepthsupgrade:obsidianfish",
      "required":false
    },
    {
      "id":"netherdepthsupgrade:searing_cod",
      "required":false
    },
    {
      "id":"netherdepthsupgrade:wither_bonefish",
      "required":false
    },
    {
      "id":"netherdepthsupgrade:bonefish",
      "required":false
    },
    {
      "id":"netherdepthsupgrade:blazefish",
      "required":false
    },
    {
      "id":"netherdepthsupgrade:magmacubefish",
      "required":false
    },
    {
      "id":"netherdepthsupgrade:glowdine",
      "required":false
    },
    {
      "id":"netherdepthsupgrade:soulsucker",
      "required":false
    },
    {
      "id":"netherdepthsupgrade:fortress_grouper",
      "required":false
    },
    {
      "id":"netherdepthsupgrade:eyeball_fish",
      "required":false
    },
    {
      "id":"netherdepthsupgrade:lava_pufferfish_slice",
      "required":false
    },
    {
      "id":"netherdepthsupgrade:obsidianfish_slice",
      "required":false
    },
    {
      "id":"netherdepthsupgrade:searing_cod_slice",
      "required":false
    },
    {
      "id":"netherdepthsupgrade:blazefish_slice",
      "required":false
    },
    {
      "id":"netherdepthsupgrade:magmacubefish_slice",
      "required":false
    },
    {
      "id":"netherdepthsupgrade:glowdine_slice",
      "required":false
    },
    {
      "id":"netherdepthsupgrade:soulsucker_slice",
      "required":false
    },
    {
      "id":"netherdepthsupgrade:cooked_lava_pufferfish_slice",
      "required":false
    },
    {
      "id":"netherdepthsupgrade:cooked_obsidianfish_slice",
      "required":false
    },
    {
      "id":"netherdepthsupgrade:cooked_magmacubefish_slice",
      "required":false
    },
    {
      "id":"netherdepthsupgrade:cooked_glowdine_slice",
      "required":false
    },
    {
      "id":"netherdepthsupgrade:cooked_soulsucker_slice",
      "required":false
    },
    {
      "id":"nourished_nether:cooked_hoglin_meat",
      "required":false
    },
    {
      "id":"nourished_nether:raw_hoglin_meat",
      "required":false
    },
    {
      "id":"oceansdelight:tentacles",
      "required":false
    },
    {
      "id":"oceansdelight:cut_tentacles",
      "required":false
    },
    {
      "id":"oceansdelight:tentacle_on_a_stick",
      "required":false
    },
    {
      "id":"oceansdelight:baked_tentacle_on_a_stick",
      "required":false
    },
    {
      "id":"oceansdelight:guardian_tail",
      "required":false
    },
    {
      "id":"oceansdelight:cooked_guardian_tail",
      "required":false
    },
    {
      "id":"oceansdelight:elder_guardian_slab",
      "required":false
    },
    {
      "id":"oceansdelight:elder_guardian_slice",
      "required":false
    },
    {
      "id":"oceansdelight:cooked_elder_guardian_slice",
      "required":false
    },
    {
      "id":"oceansdelight:fugu_slice",
      "required":false
    },
    {
      "id":"twist:rawstrider",
      "required":false
    },
    {
      "id":"twist:cookedstrider",
      "required":false
    },
    {
      "id":"upgrade_aquatic:cooked_lionfish",
      "required":false
    },
    {
      "id":"upgrade_aquatic:cooked_perch",
      "required":false
    },
    {
      "id":"upgrade_aquatic:cooked_pike",
      "required":false
    },
    {
      "id":"upgrade_aquatic:lionfish",
      "required":false
    },
    {
      "id":"upgrade_aquatic:pike",
      "required":false
    },
    {
      "id":"upgrade_aquatic:perch",
      "required":false
    },
    {
      "id":"undergarden:dweller_steak",
      "required":false
    },
    {
      "id":"undergarden:raw_dweller_meat",
      "required":false
    },
    {
      "id":"undergarden:raw_gwibling",
      "required":false
    },
    {
      "id":"undergarden:cooked_gwibling",
      "required":false
    },
    {
      "id":"varietyaquatic:raw_betta",
      "required":false
    },
    {
      "id":"varietyaquatic:raw_tetra",
      "required":false
    },
    {
      "id":"varietyaquatic:raw_lionfish",
      "required":false
    },
    {
      "id":"varietyaquatic:raw_piranha",
      "required":false
    },
    {
      "id":"varietyaquatic:raw_tuna",
      "required":false
    },
    {
      "id":"varietyaquatic:cooked_tuna",
      "required":false
    },
    {
      "id":"varietyaquatic:lionfish_cooked",
      "required":false
    },
    {
      "id":"artifacts:eternal_steak",
      "required":false
    },
    {
      "id":"artifacts:everlasting_beef",
      "required":false
    }
  ]
}