{
  "values":[
    {
      "id":"abnormals_delight:escargot",
      "required":false
    },
    {
      "id":"abnormals_delight:duck_fillet",
      "required":false
    },
    {
      "id":"abnormals_delight:perch_slice",
      "required":false
    },
    {
      "id":"abnormals_delight:pike_slice",
      "required":false
    },
    {
      "id":"abnormals_delight:venison_shanks",
      "required":false
    },
    {
      "id":"adventurez:mammoth_meat",
      "required":false
    },
    {
      "id":"adventurez:iguana_meat",
      "required":false
    },
    {
      "id":"adventurez:ender_whale_meat",
      "required":false
    },
    {
      "id":"adventurez:rhino_meat",
      "required":false
    },
    {
      "id":"adventurez:raw_warthog_meat",
      "required":false
    },
    {
      "id":"adventurez:raw_venison",
      "required":false
    },
    {
      "id":"betteranimalsplus:pheasantraw",
      "required":false
    },
    {
      "id":"betteranimalsplus:venisonraw",
      "required":false
    },
    {
      "id":"betteranimalsplus:turkey_leg_raw",
      "required":false
    },
    {
      "id":"biomemakeover:raw_toad",
      "required":false
    },
    {
      "id":"croptopia:bacon",
      "required":false
    },
    {
      "id":"croptopia:ground_pork",
      "required":false
    },
    {
      "id":"croptopia:frog_legs",
      "required":false
    },
    {
      "id":"endersdelight:mite_crust",
      "required":false
    },
    {
      "id":"endersdelight:shulker_mollusk",
      "required":false
    },
    {
      "id":"endersdelight:shulker_filet",
      "required":false
    },
    {
      "id":"farmersdelight:chicken_cuts",
      "required":false
    },
    {
      "id":"farmersdelight:bacon",
      "required":false
    },
    {
      "id":"farmersdelight:mutton_chops",
      "required":false
    },
    {
      "id":"farmersdelight:minced_beef",
      "required":false
    },
    {
      "id":"farmersdelight:beef_patty",
      "required":false
    },
    {
      "id":"farmersdelight:ham",
      "required":false
    },
    {
      "id":"goodall:raw_venison",
      "required":false
    },
    {
      "id":"meadow:raw_bear_meat",
      "required":false
    },
    {
      "id":"naturalist:duck",
      "required":false
    },
    {
      "id":"naturalist:venison",
      "required":false
    },
    {
      "id":"naturalist:lizard_tail",
      "required":false
    },
    {
      "id":"neapolitan:chocolate_spider_eye",
      "required":false
    },
    {
      "id":"nourished_nether:raw_hoglin_meat",
      "required":false
    },
    {
      "id":"paradise_lost:moa_chop",
      "required":false
    },
    {
      "id":"twist:rawstrider",
      "required":false
    },
    {
      "id":"twilightforest:raw_venison",
      "required":false
    },
    {
      "id":"twilightforest:raw_meef",
      "required":false
    },
    {
      "id":"undergarden:raw_dweller_meat",
      "required":false
    },
    {
      "id":"undergarden:raw_gwibling",
      "required":false
    },
    {
      "id":"abnormals_delight:perch_slice",
      "required":false
    },
    {
      "id":"abnormals_delight:pike_slice",
      "required":false
    },
    {
      "id":"aquamirae:esca",
      "required":false
    },
    {
      "id":"aquamirae:sea_stew",
      "required":false
    },
    {
      "id":"aquamirae:poseidons_breakfast",
      "required":false
    },
    {
      "id":"betteranimalsplus:eel_meat_raw",
      "required":false
    },
    {
      "id":"betteranimalsplus:calamari_raw",
      "required":false
    },
    {
      "id":"biomemakeover:glowfish",
      "required":false
    },
    {
      "id":"biomemakeover:raw_crab",
      "required":false
    },
    {
      "id":"betterend:end_fish_raw",
      "required":false
    },
    {
      "id":"combustivefishing:cooled_cod",
      "required":false
    },
    {
      "id":"croptopia:anchovy",
      "required":false
    },
    {
      "id":"croptopia:calamari",
      "required":false
    },
    {
      "id":"croptopia:clam",
      "required":false
    },
    {
      "id":"croptopia:crab",
      "required":false
    },
    {
      "id":"croptopia:glowing_calamari",
      "required":false
    },
    {
      "id":"croptopia:crab_legs",
      "required":false
    },
    {
      "id":"croptopia:oyster",
      "required":false
    },
    {
      "id":"croptopia:roe",
      "required":false
    },
    {
      "id":"croptopia:shrimp",
      "required":false
    },
    {
      "id":"croptopia:tuna",
      "required":false
    },
    {
      "id":"culturaldelights:squid",
      "required":false
    },
    {
      "id":"culturaldelights:glow_squid",
      "required":false
    },
    {
      "id":"culturaldelights:raw_calamari",
      "required":false
    },
    {
      "id":"farmersdelight:salmon_slice",
      "required":false
    },
    {
      "id":"farmersdelight:cod_slice",
      "required":false
    },
    {
      "id":"gofish:ender_eel",
      "required":false
    },
    {
      "id":"gofish:icicle_fish",
      "required":false
    },
    {
      "id":"gofish:lilyfish",
      "required":false
    },
    {
      "id":"gofish:matrix_fish",
      "required":false
    },
    {
      "id":"gofish:seaweed_eel",
      "required":false
    },
    {
      "id":"gofish:slimefish",
      "required":false
    },
    {
      "id":"gofish:snowball_fish",
      "required":false
    },
    {
      "id":"gofish:terrafish",
      "required":false
    },
    {
      "id":"gofish:oakfish",
      "required":false
    },
    {
      "id":"gofish:carrot_carp",
      "required":false
    },
    {
      "id":"gofish:charfish",
      "required":false
    },
    {
      "id":"gofish:blackstone_trout",
      "required":false
    },
    {
      "id":"gofish:gilded_blackstone_carp",
      "required":false
    },
    {
      "id":"gofish:smokey_salmon",
      "required":false
    },
    {
      "id":"gofish:soul_salmon",
      "required":false
    },
    {
      "id":"gofish:magma_cod",
      "required":false
    },
    {
      "id":"gofish:basalt_bass",
      "required":false
    },
    {
      "id":"gofish:obsidian_halibut",
      "required":false
    },
    {
      "id":"gofish:endfish",
      "required":false
    },
    {
      "id":"gofish:chorus_cod",
      "required":false
    },
    {
      "id":"gofish:dragonfish",
      "required":false
    },
    {
      "id":"gofish:omega_floater",
      "required":false
    },
    {
      "id":"gofish:portal_puffer",
      "required":false
    },
    {
      "id":"gofish:lunarfish",
      "required":false
    },
    {
      "id":"gofish:galaxy_starfish",
      "required":false
    },
    {
      "id":"gofish:starry_salmon",
      "required":false
    },
    {
      "id":"gofish:nebula_swordfish",
      "required":false
    },
    {
      "id":"gofish:aquatic_astral_stew",
      "required":false
    },
    {
      "id":"gofish:rainy_bass",
      "required":false
    },
    {
      "id":"gofish:steamed_bass",
      "required":false
    },
    {
      "id":"gofish:cloudy_crab",
      "required":false
    },
    {
      "id":"gofish:thundering_bass",
      "required":false
    },
    {
      "id":"gofish:smoked_cloudy_crab",
      "required":false
    },
    {
      "id":"gofish:blizzard_bass",
      "required":false
    },
    {
      "id":"mythicupgrades:aquamarine_fish",
      "required":false
    },
    {
      "id":"naturalist:catfish",
      "required":false
    },
    {
      "id":"naturalist:bass",
      "required":false
    },
    {
      "id":"netherdepthsupgrade:lava_pufferfish",
      "required":false
    },
    {
      "id":"netherdepthsupgrade:obsidianfish",
      "required":false
    },
    {
      "id":"netherdepthsupgrade:searing_cod",
      "required":false
    },
    {
      "id":"netherdepthsupgrade:wither_bonefish",
      "required":false
    },
    {
      "id":"netherdepthsupgrade:bonefish",
      "required":false
    },
    {
      "id":"netherdepthsupgrade:blazefish",
      "required":false
    },
    {
      "id":"netherdepthsupgrade:magmacubefish",
      "required":false
    },
    {
      "id":"netherdepthsupgrade:glowdine",
      "required":false
    },
    {
      "id":"netherdepthsupgrade:soulsucker",
      "required":false
    },
    {
      "id":"netherdepthsupgrade:fortress_grouper",
      "required":false
    },
    {
      "id":"netherdepthsupgrade:eyeball_fish",
      "required":false
    },
    {
      "id":"netherdepthsupgrade:lava_pufferfish_slice",
      "required":false
    },
    {
      "id":"netherdepthsupgrade:obsidianfish_slice",
      "required":false
    },
    {
      "id":"netherdepthsupgrade:searing_cod_slice",
      "required":false
    },
    {
      "id":"netherdepthsupgrade:blazefish_slice",
      "required":false
    },
    {
      "id":"netherdepthsupgrade:magmacubefish_slice",
      "required":false
    },
    {
      "id":"netherdepthsupgrade:glowdine_slice",
      "required":false
    },
    {
      "id":"netherdepthsupgrade:soulsucker_slice",
      "required":false
    },
    {
      "id":"oceansdelight:tentacles",
      "required":false
    },
    {
      "id":"oceansdelight:cut_tentacles",
      "required":false
    },
    {
      "id":"oceansdelight:tentacle_on_a_stick",
      "required":false
    },
    {
      "id":"oceansdelight:baked_tentacle_on_a_stick",
      "required":false
    },
    {
      "id":"oceansdelight:guardian_tail",
      "required":false
    },
    {
      "id":"oceansdelight:cooked_guardian_tail",
      "required":false
    },
    {
      "id":"oceansdelight:elder_guardian_slab",
      "required":false
    },
    {
      "id":"oceansdelight:elder_guardian_slice",
      "required":false
    },
    {
      "id":"oceansdelight:fugu_slice",
      "required":false
    },
    {
      "id":"upgrade_aquatic:lionfish",
      "required":false
    },
    {
      "id":"upgrade_aquatic:pike",
      "required":false
    },
    {
      "id":"upgrade_aquatic:perch",
      "required":false
    },
    {
      "id":"varietyaquatic:raw_betta",
      "required":false
    },
    {
      "id":"varietyaquatic:raw_tetra",
      "required":false
    },
    {
      "id":"varietyaquatic:raw_lionfish",
      "required":false
    },
    {
      "id":"varietyaquatic:raw_piranha",
      "required":false
    },
    {
      "id":"varietyaquatic:raw_tuna",
      "required":false
    }
  ]
}