{
  "values":[
    {
      "id":"#c:sweeteners",
      "required":false
    },
    {
      "id":"#c:fruits",
      "required":false
    },
    {
      "id":"#nourish:sweets",
      "required":false
    },
    {
      "id":"archon:mana_berries",
      "required":false
    },
    {
      "id":"adorn:sweet_berry_juice",
      "required":false
    },
    {
      "id":"adorn:hot_chocolate",
      "required":false
    },
    {
      "id":"adorn:glow_berry_tea",
      "required":false
    },
    {
      "id":"betterend:cave_pumpkin_pie",
      "required":false
    },
    {
      "id":"betterend:sweet_berry_jelly",
      "required":false
    },
    {
      "id":"betterend:shadow_berry_jelly",
      "required":false
    },
    {
      "id":"betterend:blossom_berry_jelly",
      "required":false
    },
    {
      "id":"betterend:shadow_berry_raw",
      "required":false
    },
    {
      "id":"betterend:shadow_berry_cooked",
      "required":false
    },
    {
      "id":"betterend:blossom_berry",
      "required":false
    },
    {
      "id":"betterend:umbrella_cluster_juice",
      "required":false
    },
    {
      "id":"betternether:black_apple",
      "required":false
    },
    {
      "id":"betternether:stalagnate_bowl_apple",
      "required":false
    },
    {
      "id":"bewitchment:witchberry",
      "required":false
    },
    {
      "id":"bosses_of_mass_destruction:crystal_fruit",
      "required":false
    },
    {
      "id":"brewinandchewin:saccharine_rum",
      "required":false
    },
    {
      "id":"brewinandchewin:kombucha",
      "required":false
    },
    {
      "id":"bwplus:dragonfruit",
      "required":false
    },
    {
      "id":"byg:nightshade_berries",
      "required":false
    },
    {
      "id":"byg:crimson_berries",
      "required":false
    },
    {
      "id":"byg:blueberries",
      "required":false
    },
    {
      "id":"byg:baobab_fruit",
      "required":false
    },
    {
      "id":"byg:joshua_fruit",
      "required":false
    },
    {
      "id":"byg:green_apple",
      "required":false
    },
    {
      "id":"byg:blueberry_pie",
      "required":false
    },
    {
      "id":"byg:green_apple_pie",
      "required":false
    },
    {
      "id":"byg:nightshade_berry_pie",
      "required":false
    },
    {
      "id":"byg:crimson_berry_pie",
      "required":false
    },
    {
      "id":"cinderscapes:bramble_berries",
      "required":false
    },
    {
      "id":"croptopia:doughnut",
      "required":false
    },
    {
      "id":"ecologics:prickly_pear",
      "required":false
    },
    {
      "id":"endersdelight:chorus_juice",
      "required":false
    },
    {
      "id":"expandeddelight:sweet_potato",
      "required":false
    },
    {
      "id":"expandeddelight:cinnamon_rice",
      "required":false
    },
    {
      "id":"expandeddelight:cinnamon_apples",
      "required":false
    },
    {
      "id":"expandeddelight:baked_sweet_potato",
      "required":false
    },
    {
      "id":"expandeddelight:peanut_butter_honey_sandwich",
      "required":false
    },
    {
      "id":"expandeddelight:chocolate_cookie",
      "required":false
    },
    {
      "id":"expandeddelight:sugar_cookie",
      "required":false
    },
    {
      "id":"expandeddelight:snickerdoodle",
      "required":false
    },
    {
      "id":"expandeddelight:sweet_berry_jelly_sandwich",
      "required":false
    },
    {
      "id":"expandeddelight:glow_berry_jelly_sandwich",
      "required":false
    },
    {
      "id":"expandeddelight:sweet_berry_juice",
      "required":false
    },
    {
      "id":"expandeddelight:glow_berry_juice",
      "required":false
    },
    {
      "id":"expandeddelight:sweet_berry_jelly",
      "required":false
    },
    {
      "id":"expandeddelight:glow_berry_jelly",
      "required":false
    },
    {
      "id":"expandeddelight:honey_peanut_soup",
      "required":false
    },
    {
      "id":"expandeddelight:sweet_roll",
      "required":false
    },
    {
      "id":"expandeddelight:berry_sweet_roll",
      "required":false
    },
    {
      "id":"expandeddelight:glow_berry_sweet_roll",
      "required":false
    },
    {
      "id":"expandeddelight:apple_juice",
      "required":false
    },
    {
      "id":"farmersdelight:sweet_berry_cookie",
      "required":false
    },
    {
      "id":"farmersdelight:cake_slice",
      "required":false
    },
    {
      "id":"farmersdelight:coffee_cake_slice",
      "required":false
    },
    {
      "id":"farmersdelight:honey_cookie",
      "required":false
    },
    {
      "id":"farmersdelight:fruit_salad",
      "required":false
    },
    {
      "id":"farmersdelight:sweet_berry_cheesecake_slice",
      "required":false
    },
    {
      "id":"farmersdelight:chocolate_pie_slice",
      "required":false
    },
    {
      "id":"farmersdelight:apple_pie_slice",
      "required":false
    },
    {
      "id":"farmersdelight:pie_crust",
      "required":false
    },
    {
      "id":"farmersrespite:coffee_berries",
      "required":false
    },
    {
      "id":"farmersrespite:rose_hip_tea",
      "required":false
    },
    {
      "id":"farmersrespite:honey_cookie",
      "required":false
    },
    {
      "id":"farmersrespite:dandelion_tea",
      "required":false
    },
    {
      "id":"farmersrespite:apple_cider",
      "required":false
    },
    {
      "id":"farmersrespite:long_apple_cider",
      "required":false
    },
    {
      "id":"farmersrespite:strong_apple_cider",
      "required":false
    },
    {
      "id":"farmersrespite:green_tea_cookie",
      "required":false
    },
    {
      "id":"galosphere_delight:spectral_soda",
      "required":false
    },
    {
      "id":"galosphere_delight:lumiere_shimmer_drink",
      "required":false
    },
    {
      "id":"galosphere_delight:allurite_shimmer_drink",
      "required":false
    },
    {
      "id":"immersive_weathering:pond_water",
      "required":false
    },
    {
      "id":"meadow:jug_juniper_tea",
      "required":false
    },
    {
      "id":"meadow:cheesecake_slice",
      "required":false
    },
    {
      "id":"miners_delight:hot_cocoa_cup",
      "required":false
    },
    {
      "id":"mythicupgrades:sapphire_apple",
      "required":false
    },
    {
      "id":"mythicupgrades:ruby_apple",
      "required":false
    },
    {
      "id":"mythicupgrades:jade_apple",
      "required":false
    },
    {
      "id":"mythicupgrades:topaz_apple",
      "required":false
    },
    {
      "id":"mythicupgrades:ametrine_apple",
      "required":false
    },
    {
      "id":"paradise_lost:blue_berry",
      "required":false
    },
    {
      "id":"paradise_lost:enchanted_blueberry",
      "required":false
    },
    {
      "id":"paradise_lost:white_apple",
      "required":false
    },
    {
      "id":"paradise_lost:candy_cane",
      "required":false
    },
    {
      "id":"paradise_lost:blue_gummy_swet",
      "required":false
    },
    {
      "id":"paradise_lost:amadrys_bread_glazed",
      "required":false
    },
    {
      "id":"snowyspirit:candy_cane",
      "required":false
    },
    {
      "id":"snowyspirit:eggnog",
      "required":false
    },
    {
      "id":"snowyspirit:gingerbread_cookie",
      "required":false
    },
    {
      "id":"supplementaries:candy",
      "required":false
    },
    {
      "id":"the_bumblezone:sugar_water_bottle",
      "required":false
    },
    {
      "id":"the_bumblezone:bee_bread",
      "required":false
    },
    {
      "id":"the_bumblezone:royal_jelly_bottle",
      "required":false
    },
    {
      "id":"the_bumblezone:honey_crystal_shards",
      "required":false
    },
    {
      "id":"twilightforest:torchberries",
      "required":false
    },
    {
      "id":"unusualend:chorus_juice",
      "required":false
    },
    {
      "id":"vinery:apple_cupcake",
      "required":false
    },
    {
      "id":"vinery:chocolate_bread",
      "required":false
    },
    {
      "id":"vinery:apple_pie_slice",
      "required":false
    },
    {
      "id":"vinery:apple_juice",
      "required":false
    },
    {
      "id":"vinery:chenet_wine",
      "required":false
    },
    {
      "id":"vinery:king_danis_wine",
      "required":false
    },
    {
      "id":"vinery:noir_wine",
      "required":false
    },
    {
      "id":"vinery:clark_wine",
      "required":false
    },
    {
      "id":"vinery:mellohi_wine",
      "required":false
    },
    {
      "id":"vinery:bolvar_wine",
      "required":false
    },
    {
      "id":"vinery:cherry_wine",
      "required":false
    },
    {
      "id":"vinery:apple_cider",
      "required":false
    },
    {
      "id":"vinery:kelp_cider",
      "required":false
    },
    {
      "id":"vinery:solaris_wine",
      "required":false
    },
    {
      "id":"vinery:jellie_wine",
      "required":false
    },
    {
      "id":"vinery:aegis_wine",
      "required":false
    },
    {
      "id":"vinery:apple_wine",
      "required":false
    },
    {
      "id":"winterly:red_candy_cane",
      "required":false
    },
    {
      "id":"winterly:blue_candy_cane",
      "required":false
    },
    {
      "id":"winterly:green_candy_cane",
      "required":false
    },
    {
      "id":"xps:xp_berries",
      "required":false
    },
    {
      "id":"xps_additions:mystical_candy",
      "required":false
    },
    {
      "id":"croptopia:chocolate",
      "required":false
    },
    {
      "id":"croptopia:grape_juice",
      "required":false
    },
    {
      "id":"croptopia:orange_juice",
      "required":false
    },
    {
      "id":"croptopia:apple_juice",
      "required":false
    },
    {
      "id":"croptopia:cranberry_juice",
      "required":false
    },
    {
      "id":"croptopia:saguaro_juice",
      "required":false
    },
    {
      "id":"croptopia:melon_juice",
      "required":false
    },
    {
      "id":"croptopia:pineapple_juice",
      "required":false
    },
    {
      "id":"croptopia:lemonade",
      "required":false
    },
    {
      "id":"croptopia:limeade",
      "required":false
    },
    {
      "id":"croptopia:strawberry_smoothie",
      "required":false
    },
    {
      "id":"croptopia:banana_smoothie",
      "required":false
    },
    {
      "id":"croptopia:kale_smoothie",
      "required":false
    },
    {
      "id":"croptopia:fruit_smoothie",
      "required":false
    },
    {
      "id":"croptopia:chocolate_milkshake",
      "required":false
    },
    {
      "id":"croptopia:pumpkin_spice_latte",
      "required":false
    },
    {
      "id":"croptopia:grape_jam",
      "required":false
    },
    {
      "id":"croptopia:strawberry_jam",
      "required":false
    },
    {
      "id":"croptopia:peach_jam",
      "required":false
    },
    {
      "id":"croptopia:apricot_jam",
      "required":false
    },
    {
      "id":"croptopia:blackberry_jam",
      "required":false
    },
    {
      "id":"croptopia:blueberry_jam",
      "required":false
    },
    {
      "id":"croptopia:cherry_jam",
      "required":false
    },
    {
      "id":"croptopia:elderberry_jam",
      "required":false
    },
    {
      "id":"croptopia:raspberry_jam",
      "required":false
    },
    {
      "id":"croptopia:apple_pie",
      "required":false
    },
    {
      "id":"croptopia:yam_jam",
      "required":false
    },
    {
      "id":"croptopia:banana_cream_pie",
      "required":false
    },
    {
      "id":"croptopia:candy_corn",
      "required":false
    },
    {
      "id":"croptopia:vanilla_ice_cream",
      "required":false
    },
    {
      "id":"croptopia:strawberry_ice_cream",
      "required":false
    },
    {
      "id":"croptopia:mango_ice_cream",
      "required":false
    },
    {
      "id":"croptopia:rum_raisin_ice_cream",
      "required":false
    },
    {
      "id":"croptopia:cherry_pie",
      "required":false
    },
    {
      "id":"croptopia:cheese_cake",
      "required":false
    },
    {
      "id":"croptopia:brownies",
      "required":false
    },
    {
      "id":"croptopia:snicker_doodle",
      "required":false
    },
    {
      "id":"croptopia:banana_nut_bread",
      "required":false
    },
    {
      "id":"croptopia:horchata",
      "required":false
    },
    {
      "id":"croptopia:churros",
      "required":false
    },
    {
      "id":"croptopia:tres_leche_cake",
      "required":false
    },
    {
      "id":"croptopia:eton_mess",
      "required":false
    },
    {
      "id":"croptopia:scones",
      "required":false
    },
    {
      "id":"croptopia:figgy_pudding",
      "required":false
    },
    {
      "id":"croptopia:treacle_tart",
      "required":false
    },
    {
      "id":"croptopia:sticky_toffee_pudding",
      "required":false
    },
    {
      "id":"croptopia:trifle",
      "required":false
    },
    {
      "id":"croptopia:chocolate_ice_cream",
      "required":false
    },
    {
      "id":"croptopia:fruit_cake",
      "required":false
    },
    {
      "id":"croptopia:kiwi_sorbet",
      "required":false
    },
    {
      "id":"croptopia:lemon_coconut_bar",
      "required":false
    },
    {
      "id":"croptopia:rhubarb_crisp",
      "required":false
    }
  ]
}