{
	"type":"origins:multiple",
	"recharge":{
		"type":"origins:action_over_time",
		"interval":20,
		"entity_action":{
			"type":"origins:and",
			"actions":[
				{
					"type":"origins:change_resource",
					"resource":"*:*_resource",
					"change":50
				},
				{
					"type":"origins:equipped_item_action",
					"equipment_slot":"offhand",
					"action":{
						"type":"origins:consume",
						"amount":1
					}
				}
			]
		},
		"condition":{
			"type":"origins:and",
			"conditions":[
				{
					"type":"origins:equipped_item",
					"equipment_slot":"offhand",
					"item_condition":{
						"type":"origins:ingredient",
						"ingredient":{
							"tag":"origins-plus-plus:battery_fuels"
						}
					}
				},
				{
					"type":"origins:resource",
					"resource":"*:*_resource",
					"comparison":"<",
					"compare_to":550
				}
			]
		}
	},
	"discharge":{
		"type":"origins:action_over_time",
		"interval":20,
		"entity_action":{
			"type":"origins:change_resource",
			"resource":"*:*_resource",
			"change":-1
		}
	},
	"slowness_one":{
		"type":"origins:stacking_status_effect",
		"min_stacks":0,
		"max_stacks":1,
		"duration_per_stack":20,
		"effects":{
			"effect":"minecraft:slowness",
			"show_particles":false,
			"show_icon":false
		},
		"condition":{
			"type":"origins:resource",
			"resource":"*:*_resource",
			"comparison":"<=",
			"compare_to":300
		}
	},
	"slowness_two":{
		"type":"origins:stacking_status_effect",
		"min_stacks":0,
		"max_stacks":1,
		"duration_per_stack":20,
		"effects":{
			"effect":"minecraft:slowness",
			"amplifier":1,
			"show_particles":false,
			"show_icon":false
		},
		"condition":{
			"type":"origins:resource",
			"resource":"*:*_resource",
			"comparison":"<=",
			"compare_to":200
		}
	},
	"slowness_three":{
		"type":"origins:stacking_status_effect",
		"min_stacks":0,
		"max_stacks":1,
		"duration_per_stack":20,
		"effects":{
			"effect":"minecraft:slowness",
			"amplifier":2,
			"show_particles":false,
			"show_icon":false
		},
		"condition":{
			"type":"origins:resource",
			"resource":"*:*_resource",
			"comparison":"<=",
			"compare_to":100
		}
	},
	"defect":{
		"type":"origins:stacking_status_effect",
		"min_stacks":0,
		"max_stacks":1,
		"duration_per_stack":20,
		"effects":{
			"effect":"minecraft:slowness",
			"amplifier":200,
			"show_particles":false,
			"show_icon":false
		},
		"condition":{
			"type":"origins:resource",
			"resource":"*:*_resource",
			"comparison":"==",
			"compare_to":0
		}
	},
	"respawn":{
		"type":"origins:action_on_callback",
		"entity_action_respawned":{
			"type":"origins:change_resource",
			"resource":"*:*_resource",
			"change":600
		}
	}
}