{
	"type":"origins:multiple",
	"arrow":{
		"type":"origins:fire_projectile",
		"entity_type":"minecraft:arrow",
		"tag":"{pickup:0b}",
		"key":"key.origins.primary_active",
		"cooldown":20,
		"sound":"block.dispenser.launch",
		"condition":{
			"type":"origins:equipped_item",
			"equipment_slot":"offhand",
			"item_condition":{
				"type":"origins:ingredient",
				"ingredient":{
					"item":"minecraft:arrow"
				}
			}
		}
	},
	"spectral_arrow":{
		"type":"origins:fire_projectile",
		"entity_type":"minecraft:spectral_arrow",
		"tag":"{pickup:0b}",
		"key":"key.origins.primary_active",
		"cooldown":20,
		"sound":"block.dispenser.launch",
		"condition":{
			"type":"origins:equipped_item",
			"equipment_slot":"offhand",
			"item_condition":{
				"type":"origins:ingredient",
				"ingredient":{
					"item":"minecraft:spectral_arrow"
				}
			}
		}
	},
	"poison_arrow":{
		"type":"origins:fire_projectile",
		"entity_type":"minecraft:arrow",
		"tag":"{pickup:0b,Potion:\"minecraft:poison\"}",
		"key":"key.origins.primary_active",
		"cooldown":20,
		"sound":"block.dispenser.launch",
		"condition":{
			"type":"origins:equipped_item",
			"equipment_slot":"offhand",
			"item_condition":{
				"type":"origins:nbt",
				"nbt":"{Potion:\"minecraft:poison\"}"
			}
		}
	},
	"night_vision_arrow":{
		"type":"origins:fire_projectile",
		"entity_type":"minecraft:arrow",
		"tag":"{pickup:0b,Potion:\"minecraft:night_vision\"}",
		"key":"key.origins.primary_active",
		"cooldown":20,
		"sound":"block.dispenser.launch",
		"condition":{
			"type":"origins:equipped_item",
			"equipment_slot":"offhand",
			"item_condition":{
				"type":"origins:nbt",
				"nbt":"{Potion:\"minecraft:night_vision\"}"
			}
		}
	},
	"invisibility_arrow":{
		"type":"origins:fire_projectile",
		"entity_type":"minecraft:arrow",
		"tag":"{pickup:0b,Potion:\"minecraft:invisibility\"}",
		"key":"key.origins.primary_active",
		"cooldown":20,
		"sound":"block.dispenser.launch",
		"condition":{
			"type":"origins:equipped_item",
			"equipment_slot":"offhand",
			"item_condition":{
				"type":"origins:nbt",
				"nbt":"{Potion:\"minecraft:invisibility\"}"
			}
		}
	},
	"leaping_arrow":{
		"type":"origins:fire_projectile",
		"entity_type":"minecraft:arrow",
		"tag":"{pickup:0b,Potion:\"minecraft:leaping\"}",
		"key":"key.origins.primary_active",
		"cooldown":20,
		"sound":"block.dispenser.launch",
		"condition":{
			"type":"origins:equipped_item",
			"equipment_slot":"offhand",
			"item_condition":{
				"type":"origins:nbt",
				"nbt":"{Potion:\"minecraft:leaping\"}"
			}
		}
	},
	"resistance_arrow":{
		"type":"origins:fire_projectile",
		"entity_type":"minecraft:arrow",
		"tag":"{pickup:0b,Potion:\"minecraft:resistance\"}",
		"key":"key.origins.primary_active",
		"cooldown":20,
		"sound":"block.dispenser.launch",
		"condition":{
			"type":"origins:equipped_item",
			"equipment_slot":"offhand",
			"item_condition":{
				"type":"origins:nbt",
				"nbt":"{Potion:\"minecraft:resistance\"}"
			}
		}
	},
	"swiftness_arrow":{
		"type":"origins:fire_projectile",
		"entity_type":"minecraft:arrow",
		"tag":"{pickup:0b,Potion:\"minecraft:swiftness\"}",
		"key":"key.origins.primary_active",
		"cooldown":20,
		"sound":"block.dispenser.launch",
		"condition":{
			"type":"origins:equipped_item",
			"equipment_slot":"offhand",
			"item_condition":{
				"type":"origins:nbt",
				"nbt":"{Potion:\"minecraft:swiftness\"}"
			}
		}
	},
	"slowness_arrow":{
		"type":"origins:fire_projectile",
		"entity_type":"minecraft:arrow",
		"tag":"{pickup:0b,Potion:\"minecraft:slowness\"}",
		"key":"key.origins.primary_active",
		"cooldown":20,
		"sound":"block.dispenser.launch",
		"condition":{
			"type":"origins:equipped_item",
			"equipment_slot":"offhand",
			"item_condition":{
				"type":"origins:nbt",
				"nbt":"{Potion:\"minecraft:slowness\"}"
			}
		}
	},
	"water_breathing_arrow":{
		"type":"origins:fire_projectile",
		"entity_type":"minecraft:arrow",
		"tag":"{pickup:0b,Potion:\"minecraft:water_breathing\"}",
		"key":"key.origins.primary_active",
		"cooldown":20,
		"sound":"block.dispenser.launch",
		"condition":{
			"type":"origins:equipped_item",
			"equipment_slot":"offhand",
			"item_condition":{
				"type":"origins:nbt",
				"nbt":"{Potion:\"minecraft::water_breathing\"}"
			}
		}
	},
	"healing_arrow":{
		"type":"origins:fire_projectile",
		"entity_type":"minecraft:arrow",
		"tag":"{pickup:0b,Potion:\"minecraft:healing\"}",
		"key":"key.origins.primary_active",
		"cooldown":20,
		"sound":"block.dispenser.launch",
		"condition":{
			"type":"origins:equipped_item",
			"equipment_slot":"offhand",
			"item_condition":{
				"type":"origins:nbt",
				"nbt":"{Potion:\"minecraft:healing\"}"
			}
		}
	},
	"harming_arrow":{
		"type":"origins:fire_projectile",
		"entity_type":"minecraft:arrow",
		"tag":"{pickup:0b,Potion:\"minecraft:harming\"}",
		"key":"key.origins.primary_active",
		"cooldown":20,
		"sound":"block.dispenser.launch",
		"condition":{
			"type":"origins:equipped_item",
			"equipment_slot":"offhand",
			"item_condition":{
				"type":"origins:nbt",
				"nbt":"{Potion:\"minecraft:harming\"}"
			}
		}
	},
	"regeneration_arrow":{
		"type":"origins:fire_projectile",
		"entity_type":"minecraft:arrow",
		"tag":"{pickup:0b,Potion:\"minecraft:regeneration\"}",
		"key":"key.origins.primary_active",
		"cooldown":20,
		"sound":"block.dispenser.launch",
		"condition":{
			"type":"origins:equipped_item",
			"equipment_slot":"offhand",
			"item_condition":{
				"type":"origins:nbt",
				"nbt":"{Potion:\"minecraft:regeneration\"}"
			}
		}
	},
	"strength_arrow":{
		"type":"origins:fire_projectile",
		"entity_type":"minecraft:arrow",
		"tag":"{pickup:0b,Potion:\"minecraft:strength\"}",
		"key":"key.origins.primary_active",
		"cooldown":20,
		"sound":"block.dispenser.launch",
		"condition":{
			"type":"origins:equipped_item",
			"equipment_slot":"offhand",
			"item_condition":{
				"type":"origins:nbt",
				"nbt":"{Potion:\"minecraft:strength\"}"
			}
		}
	},
	"weakness_arrow":{
		"type":"origins:fire_projectile",
		"entity_type":"minecraft:arrow",
		"tag":"{pickup:0b,Potion:\"minecraft:weakness\"}",
		"key":"key.origins.primary_active",
		"cooldown":20,
		"sound":"block.dispenser.launch",
		"condition":{
			"type":"origins:equipped_item",
			"equipment_slot":"offhand",
			"item_condition":{
				"type":"origins:nbt",
				"nbt":"{Potion:\"minecraft:weakness\"}"
			}
		}
	},
	"levitation_arrow":{
		"type":"origins:fire_projectile",
		"entity_type":"minecraft:arrow",
		"tag":"{pickup:0b,Potion:\"minecraft:levitation\"}",
		"key":"key.origins.primary_active",
		"cooldown":20,
		"sound":"block.dispenser.launch",
		"condition":{
			"type":"origins:equipped_item",
			"equipment_slot":"offhand",
			"item_condition":{
				"type":"origins:nbt",
				"nbt":"{Potion:\"minecraft:levitation\"}"
			}
		}
	},
	"luck_arrow":{
		"type":"origins:fire_projectile",
		"entity_type":"minecraft:arrow",
		"tag":"{pickup:0b,Potion:\"minecraft:luck\"}",
		"key":"key.origins.primary_active",
		"cooldown":20,
		"sound":"block.dispenser.launch",
		"condition":{
			"type":"origins:equipped_item",
			"equipment_slot":"offhand",
			"item_condition":{
				"type":"origins:nbt",
				"nbt":"{Potion:\"minecraft:luck\"}"
			}
		}
	},
	"turtle_master_arrow":{
		"type":"origins:fire_projectile",
		"entity_type":"minecraft:arrow",
		"tag":"{pickup:0b,Potion:\"minecraft:turtle_master\"}",
		"key":"key.origins.primary_active",
		"cooldown":20,
		"sound":"block.dispenser.launch",
		"condition":{
			"type":"origins:equipped_item",
			"equipment_slot":"offhand",
			"item_condition":{
				"type":"origins:nbt",
				"nbt":"{Potion:\"minecraft:turtle_master\"}"
			}
		}
	},
	"slow_falling_arrow":{
		"type":"origins:fire_projectile",
		"entity_type":"minecraft:arrow",
		"tag":"{pickup:0b,Potion:\"minecraft:slow_falling\"}",
		"key":"key.origins.primary_active",
		"cooldown":20,
		"sound":"block.dispenser.launch",
		"condition":{
			"type":"origins:equipped_item",
			"equipment_slot":"offhand",
			"item_condition":{
				"type":"origins:nbt",
				"nbt":"{Potion:\"minecraft:slow_falling\"}"
			}
		}
	},
	"consume":{
		"type":"origins:active_self",
		"key":"key.origins.primary_active",
		"cooldown":20,
		"entity_action":{
			"type":"origins:equipped_item_action",
			"equipment_slot":"offhand",
			"action":{
				"type":"origins:consume",
				"amount":1
			}
		}
	}
}