{
	"type":"origins:multiple",
	"heal_ingot":{
		"type":"origins:action_over_time",
		"interval":50,
		"entity_action":{
			"type":"origins:and",
			"actions":[
				{
					"type":"origins:heal",
					"amount":3
				},
				{
					"type":"origins:equipped_item_action",
					"equipment_slot":"offhand",
					"action":{
						"type":"origins:consume",
						"amount":1
					}
				}
			]
		},
		"condition":{
			"type":"origins:and",
			"conditions":[
				{
					"type":"origins:equipped_item",
					"equipment_slot":"offhand",
					"item_condition":{
						"type":"origins:ingredient",
						"ingredient":{
							"tag":"origins-plus-plus:ingots"
						}
					}
				},
				{
					"type":"origins:health",
					"comparison":"<",
					"compare_to":20
				}
			]
		}
	},
	"heal_nugget":{
		"type":"origins:action_over_time",
		"interval":50,
		"entity_action":{
			"type":"origins:and",
			"actions":[
				{
					"type":"origins:heal",
					"amount":1
				},
				{
					"type":"origins:equipped_item_action",
					"equipment_slot":"offhand",
					"action":{
						"type":"origins:consume",
						"amount":1
					}
				}
			]
		},
		"condition":{
			"type":"origins:and",
			"conditions":[
				{
					"type":"origins:equipped_item",
					"equipment_slot":"offhand",
					"item_condition":{
						"type":"origins:ingredient",
						"ingredient":{
							"tag":"origins-plus-plus:nuggets"
						}
					}
				},
				{
					"type":"origins:health",
					"comparison":"<",
					"compare_to":20
				}
			]
		}
	}
}