{
	"type":"origins:action_over_time",
	"hidden":true,
	"entity_action":{
		"type":"origins:if_else",
		"condition":{
			"type":"origins:resource",
			"resource":"origins-plus-plus:child-of-cthulhu/size_resource",
			"comparison":"<",
			"compare_to":1
		},
		"if_action":{
			"type":"origins:execute_command",
			"command":"function origins-plus-plus:child-of-cthulhu/small"
		},
		"else_action":{
			"type":"origins:if_else",
			"condition":{
				"type":"origins:resource",
				"resource":"origins-plus-plus:child-of-cthulhu/size_resource",
				"comparison":">",
				"compare_to":1
			},
			"if_action":{
				"type":"origins:execute_command",
				"command":"function origins-plus-plus:child-of-cthulhu/large"
			},
			"else_action":{
				"type":"origins:execute_command",
				"command":"function origins-plus-plus:child-of-cthulhu/normal"
			}
		}
	},
	"interval":20
}