{
	"type":"origins:active_self",
	"key":"key.origins.secondary_active",
	"cooldown":500,
	"entity_action":{
		"type":"origins:and",
		"actions":[
			{
				"type":"origins:execute_command",
				"command":"function origins-plus-plus:binturong/leap"
			},
			{
				"type":"origins:add_velocity",
				"z":0.75,
				"space":"local"
			},
			{
				"type":"origins:add_velocity",
				"y":0.25
			}
		]
	},
	"hud_render":{
		"sprite_location":"origins:textures/gui/community/spiderkolo/resource_bar_03.png",
		"bar_index":23
	}
}