{
	"type":"origins:multiple",
	"effects":{
		"type":"origins:active_self",
		"entity_action":{
			"type":"origins:and",
			"actions":[
				{
					"type":"origins:apply_effect",
					"effect":{
						"effect":"minecraft:speed",
						"amplifier":2,
						"duration":300,
						"show_icon":false,
						"show_particles":false
					}
				},
				{
					"type":"origins:execute_command",
					"command":"function origins-plus-plus:binturong/sugar_rush"
				},
				{
					"type":"origins:apply_effect",
					"effect":{
						"effect":"minecraft:saturation",
						"duration":200,
						"show_icon":false,
						"show_particles":false
					}
				}
			]
		},
		"condition":{
			"type":"origins:equipped_item",
			"equipment_slot":"mainhand",
			"item_condition":{
				"type":"origins:ingredient",
				"ingredient":{
					"item":"minecraft:red_dye"
				}
			}
		},
		"key":"key.use",
		"cooldown":500,
		"hud_render":{
			"sprite_location":"origins:textures/gui/community/spiderkolo/resource_bar_03.png",
			"bar_index":5
		}
	},
	"shake":{
		"type":"origins:shaking",
		"condition":{
			"type":"origins:power_active",
			"power":"*:*_effects"
		}
	}
}