{
    "type":"origins:action_on_block_break",
    "entity_action":{
        "type":"origins:area_of_effect",
        "radius":32,
        "bientity_action":{
            "type":"origins:damage",
            "amount":0,
            "source":{
                "name":"aggro",
                "bypasses_armor":true
            }
        },
        "bientity_condition":{
            "type":"origins:target_condition",
            "condition":{
                "type":"origins:entity_type",
                "entity_type":"minecraft:iron_golem"
            }
        }
    },
    "block_condition":{
        "type":"origins:in_tag",
        "tag":"minecraft:crops"
    },
    "only_when_harvested":false
}