{
	"type":"origins:prevent_entity_use",
	"bientity_action":{
		"type":"origins:and",
		"actions":[
			{
				"type":"origins:actor_action",
				"action":{
					"type":"origins:execute_command",
					"command":"tag @s add Smooth_Talked"
				}
			},
			{
				"type":"origins:target_action",
				"action":{
					"type":"origins:delay",
					"ticks":1,
					"action":{
						"type":"origins:execute_command",
						"command":"function origins-plus-plus:calamitous-rogue/power/smooth"
					}
				}
			}
		]
	},
	"bientity_condition":{
		"type":"origins:and",
		"conditions":[
			{
				"type":"origins:target_condition",
				"condition":{
					"type":"origins:entity_type",
					"entity_type":"minecraft:villager"
				}
			},
			{
				"type":"origins:actor_condition",
				"condition":{
					"type":"origins:sneaking"
				}
			}
		]
	}
}