{
	"type":"origins:multiple",
	"apply_glowing":{
		"type":"origins:target_action_on_hit",
		"entity_action":{
			"type":"origins:apply_effect",
			"effect":{
				"effect":"minecraft:glowing",
				"duration":400
			}
		},
		"condition":{
			"type":"origins:and",
			"conditions":[
				{
					"type":"origins:resource",
					"resource":"*:stealth_bar",
					"compare_to":5,
					"comparison":"=="
				},
				{
					"type":"origins:power_active",
					"power":"*:stealth_toggle"
				}
			]
		},
		"damage_condition":{
			"type":"origins:name",
			"name":"aggro",
			"inverted":true
		},
		"cooldown":1
	},
	"axe_strike":{
		"type":"origins:target_action_on_hit",
		"entity_action":{
			"type":"origins:and",
			"actions":[
				{
					"type":"origins:execute_command",
					"command":"particle minecraft:block redstone_wire ~ ~1 ~ 0.25 0.25 0.25 0 50"
				},
				{
					"type":"origins:if_else",
					"condition":{
						"type":"origins:equipped_item",
						"equipment_slot":"mainhand",
						"item_condition":{
							"type":"origins:ingredient",
							"ingredient":{
								"tag":"origins:shields"
							}
						}
					},
					"if_action":{
						"type":"origins:equipped_item_action",
						"equipment_slot":"mainhand",
						"action":{
							"type":"origins:damage",
							"amount":60,
							"ignore_unbreaking":true
						}
					}
				},
				{
					"type":"origins:if_else",
					"condition":{
						"type":"origins:equipped_item",
						"equipment_slot":"offhand",
						"item_condition":{
							"type":"origins:ingredient",
							"ingredient":{
								"tag":"origins:shields"
							}
						}
					},
					"if_action":{
						"type":"origins:equipped_item_action",
						"equipment_slot":"offhand",
						"action":{
							"type":"origins:damage",
							"amount":60,
							"ignore_unbreaking":true
						}
					}
				}
			]
		},
		"damage_condition":{
			"type":"origins:name",
			"name":"aggro",
			"inverted":true
		},
		"condition":{
			"type":"origins:and",
			"conditions":[
				{
					"type":"origins:equipped_item",
					"equipment_slot":"mainhand",
					"item_condition":{
						"type":"origins:ingredient",
						"ingredient":{
							"tag":"origins-plus-plus:axes"
						}
					}
				},
				{
					"type":"origins:resource",
					"resource":"*:stealth_bar",
					"compare_to":5,
					"comparison":"=="
				},
				{
					"type":"origins:power_active",
					"power":"*:stealth_toggle"
				}
			]
		},
		"target_condition":{
			"type":"origins:or",
			"conditions":[
				{
					"type":"origins:equipped_item",
					"equipment_slot":"mainhand",
					"item_condition":{
						"type":"origins:ingredient",
						"ingredient":{
							"tag":"origins:shields"
						}
					}
				},
				{
					"type":"origins:equipped_item",
					"equipment_slot":"offhand",
					"item_condition":{
						"type":"origins:ingredient",
						"ingredient":{
							"tag":"origins:shields"
						}
					}
				}
			]
		},
		"cooldown":40
	},
	"shield_bash":{
		"type":"origins:target_action_on_hit",
		"entity_action":{
			"type":"origins:and",
			"actions":[
				{
					"type":"origins:execute_command",
					"command":"particle minecraft:block redstone_wire ~ ~1 ~ 0.25 0.25 0.25 0 50"
				},
				{
					"type":"origins:apply_effect",
					"effect":{
						"effect":"minecraft:slowness",
						"duration":80,
						"amplifier":3
					}
				},
				{
					"type":"origins:apply_effect",
					"effect":{
						"effect":"minecraft:mining_fatigue",
						"duration":80,
						"amplifier":3
					}
				},
				{
					"type":"origins:add_velocity",
					"y":-3
				}
			]
		},
		"damage_condition":{
			"type":"origins:name",
			"name":"aggro",
			"inverted":true
		},
		"condition":{
			"type":"origins:and",
			"conditions":[
				{
					"type":"origins:equipped_item",
					"equipment_slot":"mainhand",
					"item_condition":{
						"type":"origins:ingredient",
						"ingredient":{
							"tag":"origins:shields"
						}
					}
				},
				{
					"type":"origins:resource",
					"resource":"*:stealth_bar",
					"compare_to":5,
					"comparison":"=="
				},
				{
					"type":"origins:power_active",
					"power":"*:stealth_toggle"
				}
			]
		},
		"cooldown":40
	},
	"sword_cut":{
		"type":"origins:target_action_on_hit",
		"entity_action":{
			"type":"origins:and",
			"actions":[
				{
					"type":"origins:execute_command",
					"command":"particle minecraft:block redstone_wire ~ ~1 ~ 0.25 0.25 0.25 0 50"
				},
				{
					"type":"origins:clear_effect",
					"effect":"minecraft:regeneration"
				},
				{
					"type":"origins:clear_effect",
					"effect":"minecraft:absorption"
				},
				{
					"type":"origins:clear_effect",
					"effect":"minecraft:health_boost"
				}
			]
		},
		"damage_condition":{
			"type":"origins:name",
			"name":"aggro",
			"inverted":true
		},
		"condition":{
			"type":"origins:and",
			"conditions":[
				{
					"type":"origins:equipped_item",
					"equipment_slot":"mainhand",
					"item_condition":{
						"type":"origins:ingredient",
						"ingredient":{
							"tag":"origins-plus-plus:axes"
						}
					}
				},
				{
					"type":"origins:resource",
					"resource":"*:stealth_bar",
					"compare_to":5,
					"comparison":"=="
				},
				{
					"type":"origins:power_active",
					"power":"*:stealth_toggle"
				}
			]
		},
		"cooldown":40
	},
	"trident_stab":{
		"type":"origins:action_on_hit",
		"bientity_action":{
			"type":"origins:delay",
			"ticks":16,
			"action":{
				"type":"origins:damage",
				"amount":4,
				"source":{
					"name":"drowning",
					"bypasses_armor":true
				}
			}
		},
		"damage_condition":{
			"type":"origins:name",
			"name":"aggro",
			"inverted":true
		},
		"condition":{
			"type":"origins:and",
			"conditions":[
				{
					"type":"origins:equipped_item",
					"equipment_slot":"mainhand",
					"item_condition":{
						"type":"origins:ingredient",
						"ingredient":{
							"item":"minecraft:trident"
						}
					}
				},
				{
					"type":"origins:resource",
					"resource":"*:stealth_bar",
					"compare_to":5,
					"comparison":"=="
				},
				{
					"type":"origins:power_active",
					"power":"*:stealth_toggle"
				}
			]
		}
	}
}