{
	"hidden":true,
	"type":"origins:stacking_status_effect",
	"min_stacks":0,
	"max_stacks":1,
	"duration_per_stack":20,
	"effects":[
		{
			"effect":"minecraft:speed",
			"amplifier":9,
			"show_particles":false,
			"show_icon":false
		},
		{
			"effect":"minecraft:strength",
			"show_particles":false,
			"show_icon":false
		}
	],
	"condition":{
		"type":"origins:and",
		"conditions":[
			{
				"type":"origins:block_in_radius",
				"radius":9,
				"shape":"cube",
				"comparison":">=",
				"compare_to":2,
				"block_condition":{
					"type":"origins:block",
					"block":"minecraft:gold_block"
				}
			},
			{
				"type":"origins:dimension",
				"dimension":"minecraft:the_nether",
				"inverted":true
			}
		]
	}
}