{
  "type":"origins:multiple",
  "hidden":true,
  "raw_copper":{
    "type":"origins:action_over_time",
    "interval":50,
    "entity_action":{
      "type":"origins:and",
      "actions":[
        {
          "type":"origins:feed",
          "food":2,
          "saturation":2
        },
        {
          "type":"origins:execute_command",
          "command":"function origins-plus-plus:copper-golem/eat_raw"
        }
      ]
    },
    "condition":{
      "type":"origins:and",
      "conditions":[
        {
          "type":"origins:equipped_item",
          "equipment_slot":"offhand",
          "item_condition":{
            "type":"origins:ingredient",
            "ingredient":{
              "item":"minecraft:copper_ingot"
            }
          }
        },
        {
          "type":"origins:food_level",
          "comparison":"<",
          "compare_to":20
        }
      ]
    }
  },
  "copper_ingot":{
    "type":"origins:action_over_time",
    "interval":50,
    "entity_action":{
      "type":"origins:and",
      "actions":[
        {
          "type":"origins:feed",
          "food":3,
          "saturation":3
        },
        {
          "type":"origins:execute_command",
          "command":"function origins-plus-plus:copper-golem/eat_ingot"
        }
      ]
    },
    "condition":{
      "type":"origins:and",
      "conditions":[
        {
          "type":"origins:equipped_item",
          "equipment_slot":"offhand",
          "item_condition":{
            "type":"origins:ingredient",
            "ingredient":{
              "item":"minecraft:copper_ingot"
            }
          }
        },
        {
          "type":"origins:food_level",
          "comparison":"<",
          "compare_to":20
        }
      ]
    }
  },
  "copper_block":{
    "type":"origins:action_over_time",
    "interval":50,
    "entity_action":{
      "type":"origins:and",
      "actions":[
        {
          "type":"origins:feed",
          "food":10,
          "saturation":7
        },
        {
          "type":"origins:execute_command",
          "command":"function origins-plus-plus:copper-golem/eat_block"
        }
      ]
    },
    "condition":{
      "type":"origins:and",
      "conditions":[
        {
          "type":"origins:equipped_item",
          "equipment_slot":"offhand",
          "item_condition":{
            "type":"origins:ingredient",
            "ingredient":{
              "tag":"origins-plus-plus:copper_blocks"
            }
          }
        },
        {
          "type":"origins:food_level",
          "comparison":"<",
          "compare_to":20
        }
      ]
    }
  }
}