{
	"type":"origins:action_over_time",
	"entity_action":{
		"type":"origins:execute_command",
		"command":"title @s actionbar [{\"translate\":\"origins-plus-plus.deathsworn.health\",\"color\":\"#FF0000\",\"bold\":false,\"italic\":false},{\"nbt\":\"SelectedItem.tag.Health\",\"entity\":\"@s\",\"color\":\"#DB251F\"},{\"text\":\" | \",\"color\":\"white\",\"bold\":false,\"italic\":false},{\"translate\":\"origins-plus-plus.deathsworn.armor\",\"color\":\"#FF0000\",\"bold\":false,\"italic\":false},{\"nbt\":\"SelectedItem.tag.Armor\",\"entity\":\"@s\",\"color\":\"#D11B1B\"},{\"text\":\" | \",\"color\":\"white\"},{\"translate\":\"origins-plus-plus.deathsworn.attack_damage\",\"color\":\"#FF0000\"},{\"nbt\":\"SelectedItem.tag.AD\",\"entity\":\"@s\",\"interpret\":false,\"color\":\"#DB251F\"},{\"text\":\" | \",\"color\":\"white\"},{\"translate\":\"origins-plus-plus.deathsworn.mob\",\"color\":\"#FF0000\"},{\"nbt\":\"SelectedItem.tag.mob\",\"entity\":\"@s\"}]"
	},
	"falling_action":{
		"type":"origins:execute_command",
		"command":"title @p actionbar {\"\"}"
	},
	"interval":5,
	"condition":{
		"type":"origins:and",
		"conditions":[
			{
				"type":"origins:equipped_item",
				"equipment_slot":"mainhand",
				"item_condition":{
					"type":"origins:nbt",
					"nbt":"{lnc:1}"
				}
			},
			{
				"type":"origins:equipped_item",
				"equipment_slot":"mainhand",
				"item_condition":{
					"type":"origins:empty",
					"inverted":true
				}
			}
		]
	},
	"hidden":true
}