{
	"type":"origins:active_self",
	"entity_action":{
		"type":"origins:raycast",
		"distance":16,
		"bientity_action":{
			"type":"origins:target_action",
			"action":{
				"type":"origins:execute_command",
				"command":"power grant @s origins-plus-plus:deathsworn/one_off/draw_aggro"
			}
		},
		"bientity_condition":{
			"type":"origins:target_condition",
			"condition":{
				"type":"origins:nbt",
				"nbt":"{Tags:['Deathsworn_Minion']}",
				"inverted":true
			}
		},
		"command_along_ray":"particle minecraft:soul_fire_flame",
		"command_step":0.25
	},
	"cooldown":100,
	"hud_render":{
		"bar_index":1,
		"sprite_location":"origins:textures/gui/community/spiderkolo/resource_bar_02.png"
	}
}