{
	"type":"origins:action_on_entity_use",
	"bientity_action":{
		"type":"origins:target_action",
		"action":{
			"type":"origins:if_else",
			"condition":{
				"type":"origins:status_effect",
				"effect":"minecraft:slowness"
			},
			"else_action":{
				"type":"origins:execute_command",
				"command":"effect give @s minecraft:slowness 999999 50 true"
			},
			"if_action":{
				"type":"origins:execute_command",
				"command":"effect clear @s minecraft:slowness"
			}
		}
	},
	"bientity_condition":{
		"type":"origins:target_condition",
		"condition":{
			"type":"origins:nbt",
			"nbt":"{Tags:['Deathsworn_Minion']}"
		}
	},
	"item_condition":{
		"type":"origins:empty"
	},
	"hands":[
		"main_hand"
	],
	"condition":{
		"type":"origins:sneaking"
	}
}