{
	"type":"origins:modify_damage_dealt",
	"modifier":{
		"operation":"multiply_total",
		"value":-0.75
	},
	"condition":{
		"type":"origins:or",
		"conditions":[
			{
				"type":"origins:equipped_item",
				"equipment_slot":"mainhand",
				"item_condition":{
					"type":"origins:ingredient",
					"ingredient":{
						"tag":"origins-plus-plus:swords"
					}
				}
			},
			{
				"type":"origins:equipped_item",
				"equipment_slot":"mainhand",
				"item_condition":{
					"type":"origins:ingredient",
					"ingredient":{
						"tag":"origins-plus-plus:axes"
					}
				}
			}
		]
	}
}