{
 "type":"origins:target_action_on_hit",
 "entity_action":{
  "type":"origins:if_else",
  "condition":{
   "type":"origins:health",
   "comparison":"<=",
   "compare_to":0
  },
  "if_action":{
   "type":"origins:execute_command",
   "command":"function origins-plus-plus:deathsworn/crystallize"
  },
  "else_action":{
   "type":"origins:execute_command",
   "command":"function origins-plus-plus:deathsworn/set_stats"
  }
 },
 "target_condition":{
  "type":"origins:and",
  "conditions":[
   {
    "type":"origins:in_tag",
    "tag":"origins-plus-plus:petrified_heart_mobs"
   },
   {
    "type":"origins:nbt",
    "nbt":"{Tags:['Deathsworn_Minion']}",
    "inverted":true
   }
  ]
 },
 "cooldown":1
}