{
	"type":"origins:active_self",
	"entity_action":{
		"type":"origins:raycast",
		"distance":16,
		"bientity_action":{
			"type":"origins:if_else_list",
			"actions":[
				{
					"condition":{
						"type":"origins:actor_condition",
						"condition":{
							"type":"origins:advancement",
							"advancement":"origins-plus-plus:deathsworn/brute"
						}
					},
					"action":{
						"type":"origins:damage",
						"amount":9,
						"source":{
							"name":"magic",
							"bypasses_armor":true
						}
					}
				},
				{
					"condition":{
						"type":"origins:actor_condition",
						"condition":{
							"type":"origins:advancement",
							"advancement":"origins-plus-plus:deathsworn/skeleton"
						}
					},
					"action":{
						"type":"origins:damage",
						"amount":6,
						"source":{
							"name":"magic",
							"bypasses_armor":true
						}
					}
				},
				{
					"condition":{
						"type":"origins:actor_condition",
						"condition":{
							"type":"origins:advancement",
							"advancement":"origins-plus-plus:deathsworn/root"
						}
					},
					"action":{
						"type":"origins:damage",
						"amount":5,
						"source":{
							"name":"magic",
							"bypasses_armor":true
						}
					}
				}
			]
		},
		"bientity_condition":{
			"type":"origins:target_condition",
			"condition":{
				"type":"origins:nbt",
				"nbt":"{Tags:['Deathsworn_Minion']}",
				"inverted":true
			}
		},
		"command_along_ray":"particle minecraft:witch",
		"command_step":0.25
	},
	"cooldown":40,
	"key":"key.saveToolbarActivator"
}