{
	"type":"origins:active_self",
	"entity_action":{
		"type":"origins:raycast",
		"distance":8,
		"command_at_hit":"function origins-plus-plus:deathsworn/summon",
		"command_step":0.25,
		"command_along_ray":"particle witch ~ ~ ~"
	},
	"condition":{
		"type":"origins:and",
		"conditions":[
			{
				"type":"origins:resource",
				"resource":"origins-plus-plus:deathsworn/soul_bar",
				"comparison":">",
				"compare_to":4
			},
			{
				"type":"origins:equipped_item",
				"equipment_slot":"mainhand",
				"item_condition":{
					"type":"origins:nbt",
					"nbt":"{lnc:1}"
				}
			}
		]
	},
	"key":"key.use"
}