{
	"type":"origins:multiple",
	"fish_1":{
		"type":"origins:modify_food",
		"item_condition":{
			"type":"origins:ingredient",
			"ingredient":{
				"tag":"origins-plus-plus:sea_foods"
			}
		},
		"food_modifier":{
			"operation":"multiply_total",
			"value":1
		},
		"saturation_modifier":{
			"operation":"multiply_total",
			"value":1
		},
		"entity_action":{
			"type":"origins:and",
			"actions":[
				{
					"type":"origins:apply_effect",
					"effect":{
						"effect":"minecraft:saturation",
						"duration":100,
						"show_particles":false,
						"show_icon":false
					}
				},
				{
					"type":"origins:apply_effect",
					"effect":{
						"effect":"minecraft:speed",
						"duration":1,
						"show_particles":false,
						"show_icon":false
					}
				},
				{
					"type":"origins:delay",
					"ticks":1,
					"action":{
						"type":"origins:execute_command",
						"command":"effect clear @s minecraft:hunger"
					}
				}
			]
		}
	},
	"fish_2":{
		"type":"origins:modify_food",
		"item_condition":{
			"type":"origins:ingredient",
			"ingredient":{
				"tag":"origins-plus-plus:sea_foods"
			}
		},
		"food_modifier":{
			"operation":"multiply_total",
			"value":1
		},
		"saturation_modifier":{
			"operation":"multiply_total",
			"value":1
		},
		"entity_action":{
			"type":"origins:delay",
			"ticks":1,
			"action":{
				"type":"origins:execute_command",
				"command":"effect clear @s minecraft:hunger"
			}
		}
	},
	"fish_3":{
		"type":"origins:modify_food",
		"item_condition":{
			"type":"origins:ingredient",
			"ingredient":{
				"tag":"origins-plus-plus:sea_foods"
			}
		},
		"food_modifier":{
			"operation":"multiply_total",
			"value":1
		},
		"saturation_modifier":{
			"operation":"multiply_total",
			"value":1
		},
		"entity_action":{
			"type":"origins:delay",
			"ticks":1,
			"action":{
				"type":"origins:execute_command",
				"command":"effect clear @s minecraft:hunger"
			}
		}
	},
	"fish_4":{
		"type":"origins:modify_food",
		"entity_action":{
			"type":"origins:execute_command",
			"command":"effect clear @s minecraft:hunger"
		}
	},
	"hidden":true
}