{
	"type":"origins:action_over_time",
	"condition":{
		"type":"origins:equipped_item",
		"equipment_slot":"offhand",
		"item_condition":{
			"type":"origins:ingredient",
			"ingredient":{
				"item":"minecraft:sugar"
			}
		}
	},
	"entity_action":{
		"type":"origins:and",
		"actions":[
			{
				"type":"origins:execute_command",
				"command":"clear @s sugar 1"
			},
			{
				"type":"origins:apply_effect",
				"effects":[
					{
						"effect":"minecraft:speed",
						"duration":90,
						"amplifier":2,
						"show_particles":false,
						"show_icon":false
					},
					{
						"effect":"minecraft:haste",
						"duration":90,
						"amplifier":1,
						"show_particles":false,
						"show_icon":false
					}
				]
			}
		]
	},
	"interval":80
}