{
	"type":"origins:action_over_time",
	"rising_action":{
		"type":"origins:and",
		"actions":[
			{
				"type":"origins:raycast",
				"distance":16,
				"bientity_action":{
					"type":"origins:target_action",
					"action":{
						"type":"origins:execute_command",
						"command":"function origins-plus-plus:deathsworn/minionify"
					}
				},
				"bientity_condition":{
					"type":"origins:target_condition",
					"condition":{
						"type":"origins:and",
						"conditions":[
							{
								"type":"origins:nbt",
								"nbt":"{Tags:['Deathsworn_Minion']}",
								"inverted":true
							},
							{
								"type":"origins:entity_type",
								"entity_type":"minecraft:player",
								"inverted":true
							}
						]
					}
				},
				"command_along_ray":"particle minecraft:totem_of_undying",
				"command_step":0.25
			},
			{
				"type":"origins:execute_command",
				"command":"power revoke @s origins-plus-plus:deathsworn/one_off/convertray"
			}
		]
	},
	"interval":1
}