{
	"type":"origins:action_over_time",
	"rising_action":{
		"type":"origins:and",
		"actions":[
			{
				"type":"origins:area_of_effect",
				"radius":32,
				"bientity_action":{
					"type":"origins:and",
					"actions":[
						{
							"type":"origins:damage",
							"amount":0,
							"source":{
								"name":"cramming.player",
								"bypasses_armor":true
							}
						},
						{
							"type":"origins:target_action",
							"action":{
								"type":"origins:execute_command",
								"command":"particle angry_villager ~ ~1 ~ 0.2 0.5 0.2 0 5"
							}
						}
					]
				},
				"bientity_condition":{
					"type":"origins:target_condition",
					"condition":{
						"type":"origins:nbt",
						"nbt":"{Tags:['Deathsworn_Minion']}"
					}
				}
			},
			{
				"type":"origins:execute_command",
				"command":"power revoke @s origins-plus-plus:deathsworn/one_off/draw_aggro"
			}
		]
	},
	"interval":1
}