{
	"type":"origins:action_over_time",
	"rising_action":{
		"type":"origins:and",
		"actions":[
			{
				"type":"origins:area_of_effect",
				"radius":3,
				"bientity_action":{
					"type":"origins:target_action",
					"action":{
						"type":"origins:heal",
						"amount":-6
					}
				},
				"bientity_condition":{
					"type":"origins:target_condition",
					"condition":{
						"type":"origins:nbt",
						"nbt":"{Tags:['Deathsworn_Minion']}",
						"inverted":true
					}
				}
			},
			{
				"type":"origins:execute_command",
				"command":"power revoke @s origins-plus-plus:deathsworn/one_off/snowgrave"
			}
		]
	},
	"interval":1
}