{
	"type":"origins:multiple",
	"hidden":true,
	"golden_tool_boost":{
		"type":"origins:modify_damage_dealt",
		"modifier":{
			"operation":"addition",
			"value":2.5
		},
		"condition":{
			"type":"origins:equipped_item",
			"equipment_slot":"mainhand",
			"item_condition":{
				"type":"origins:ingredient",
				"ingredient":{
					"tag":"origins-plus-plus:golden_tools"
				}
			}
		}
	},
	"golden_helmet_boost":{
		"type":"origins:conditioned_attribute",
		"modifier":{
			"attribute":"minecraft:generic.armor",
			"operation":"addition",
			"value":1
		},
		"condition":{
			"type":"origins:equipped_item",
			"equipment_slot":"head",
			"item_condition":{
				"type":"origins:ingredient",
				"ingredient":{
					"tag":"origins-plus-plus:golden_armour"
				}
			}
		}
	},
	"golden_chestplate_boost":{
		"type":"origins:conditioned_attribute",
		"modifier":{
			"attribute":"minecraft:generic.armor",
			"operation":"addition",
			"value":2
		},
		"condition":{
			"type":"origins:equipped_item",
			"equipment_slot":"chest",
			"item_condition":{
				"type":"origins:ingredient",
				"ingredient":{
					"tag":"origins-plus-plus:golden_armour"
				}
			}
		}
	},
	"golden_leggings_boost":{
		"type":"origins:conditioned_attribute",
		"modifier":{
			"attribute":"minecraft:generic.armor",
			"operation":"addition",
			"value":2
		},
		"condition":{
			"type":"origins:equipped_item",
			"equipment_slot":"legs",
			"item_condition":{
				"type":"origins:ingredient",
				"ingredient":{
					"tag":"origins-plus-plus:golden_armour"
				}
			}
		}
	},
	"golden_boots_boost":{
		"type":"origins:conditioned_attribute",
		"modifier":{
			"attribute":"minecraft:generic.armor",
			"operation":"addition",
			"value":1
		},
		"condition":{
			"type":"origins:equipped_item",
			"equipment_slot":"feet",
			"item_condition":{
				"type":"origins:ingredient",
				"ingredient":{
					"tag":"origins-plus-plus:golden_armour"
				}
			}
		}
	}
}