{
	"key":"key.origins.secondary_active",
	"cooldown":100,
	"type":"origins:active_self",
	"entity_action":{
		"type":"origins:and",
		"actions":[
			{
				"type":"origins:change_resource",
				"resource":"origins-plus-plus:dark-mage/resource",
				"change":-100
			},
			{
				"type":"origins:raycast",
				"distance":25,
				"shape_type":"outline",
				"fluid_handling":"none",
				"command_along_ray":"particle minecraft:dust 0 0 0 2 ~ ~ ~ 0.3 1 0.3 0 500",
				"command_at_hit":"function origins-plus-plus:dark-mage/dislocate",
				"command_along_ray_only_on_hit":true
			}
		]
	},
	"condition":{
		"type":"origins:and",
		"conditions":[
			{
				"type":"origins:sneaking",
				"inverted":true
			},
			{
				"type":"origins:equipped_item",
				"equipment_slot":"offhand",
				"item_condition":{
					"type":"origins:ingredient",
					"ingredient":{
						"item":"minecraft:wooden_sword"
					}
				},
				"inverted":true
			}
		]
	}
}