{
	"key":"key.origins.primary_active",
	"cooldown":100,
	"type":"origins:active_self",
	"entity_action":{
		"type":"origins:and",
		"actions":[
			{
				"type":"origins:change_resource",
				"resource":"origins-plus-plus:dark-mage/resource",
				"change":-100
			},
			{
				"type":"origins:raycast",
				"distance":32,
				"shape_type":"outline",
				"fluid_handling":"none",
				"bientity_action":{
					"type":"origins:damage",
					"amount":7,
					"source":{
						"name":"cramming.player",
						"bypasses_armor":true,
						"unblockable":true
					}
				},
				"command_at_hit":"function origins-plus-plus:dark-mage/disruption",
				"command_along_ray_only_on_hit":true
			}
		]
	},
	"condition":{
		"type":"origins:sneaking",
		"inverted":true
	}
}