{
	"type":"origins:multiple",
	"hidden":true,
	"make":{
		"type":"origins:active_self",
		"key":"key.origins.primary_active",
		"cooldown":100,
		"entity_action":{
			"type":"origins:execute_command",
			"command":"function origins-plus-plus:dark-mage/mana_potion"
		},
		"condition":{
			"type":"origins:and",
			"conditions":[
				{
					"type":"origins:sneaking"
				},
				{
					"type":"origins:resource",
					"resource":"origins-plus-plus:dark-mage/resource",
					"comparison":">",
					"compare_to":100
				},
				{
					"type":"origins:equipped_item",
					"equipment_slot":"offhand",
					"item_condition":{
						"type":"origins:ingredient",
						"ingredient":{
							"item":"minecraft:honey_bottle"
						}
					}
				}
			]
		}
	},
	"use":{
		"type":"origins:action_on_item_use",
		"entity_action":{
			"type":"origins:change_resource",
			"resource":"origins-plus-plus:dark-mage/resource",
			"change":100
		},
		"item_condition":{
			"type":"origins:nbt",
			"nbt":"{tag:\"empty\"}"
		}
	}
}