{
	"type":"origins:multiple",
	"hidden":true,
	"phase":{
		"type":"origins:phasing",
		"blacklist":true,
		"view_distance":20,
		"block_condition":{
			"type":"origins:in_tag",
			"tag":"origins:unphasable"
		},
		"phase_down_condition":{
			"type":"origins:and",
			"conditions":[
				{
					"type":"origins:sneaking"
				},
				{
					"type":"origins:on_block"
				}
			]
		},
		"condition":{
			"type":"origins:equipped_item",
			"equipment_slot":"offhand",
			"item_condition":{
				"type":"origins:ingredient",
				"ingredient":{
					"item":"minecraft:glistering_melon_slice"
				}
			}
		}
	},
	"drain":{
		"type":"origins:action_over_time",
		"entity_action":{
			"type":"origins:change_resource",
			"resource":"origins-plus-plus:dark-mage/resource",
			"change":-33
		},
		"condition":{
			"type":"origins:and",
			"conditions":[
				{
					"type":"origins:equipped_item",
					"equipment_slot":"offhand",
					"item_condition":{
						"type":"origins:ingredient",
						"ingredient":{
							"item":"minecraft:glistering_melon_slice"
						}
					}
				},
				{
					"type":"origins:power_active",
					"power":"*:*_phase"
				}
			]
		},
		"interval":3
	}
}
