{
	"type":"origins:target_action_on_hit",
	"hidden":true,
	"cooldown":100,
	"entity_action":{
		"type":"origins:and",
		"actions":[
			{
				"type":"origins:add_velocity",
				"space":"velocity_horizontal_normalized",
				"y":1,
				"z":3
			},
			{
				"type":"origins:execute_command",
				"command":"function origins-plus-plus:dark-mage/repulsion"
			}
		]
	},
	"condition":{
		"type":"origins:equipped_item",
		"equipment_slot":"offhand",
		"item_condition":{
			"type":"origins:ingredient",
			"ingredient":{
				"item":"minecraft:slime_ball"
			}
		}
	}
}