{
	"type":"origins:multiple",
	"hidden":true,
	"empty":{
		"type":"origins:action_over_time",
		"entity_action":{
			"type":"origins:damage",
			"amount":60,
			"source":{
				"name":"wither",
				"bypasses_armor":true,
				"unblockable":true
			}
		},
		"interval":1,
		"condition":{
			"type":"origins:resource",
			"resource":"origins-plus-plus:dark-mage/resource",
			"comparison":"<",
			"compare_to":1
		}
	},
	"refill":{
		"type":"origins:action_over_time",
		"entity_action":{
			"type":"origins:change_resource",
			"resource":"origins-plus-plus:dark-mage/resource",
			"change":1
		},
		"interval":7,
		"condition":{
			"type":"origins:resource",
			"resource":"origins-plus-plus:dark-mage/resource",
			"comparison":"<",
			"compare_to":1000
		}
	},
	"respawn":{
		"type":"origins:action_on_callback",
		"entity_action_respawned":{
			"type":"origins:change_resource",
			"resource":"origins-plus-plus:dark-mage/resource",
			"change":200,
			"operation":"set"
		}
	}
}