{
	"type":"origins:active_self",
	"hidden":true,
	"key":"key.origins.primary_active",
	"cooldown":100,
	"entity_action":{
		"type":"origins:and",
		"actions":[
			{
				"type":"origins:change_resource",
				"resource":"origins-plus-plus:dark-mage/resource",
				"change":-100
			},
			{
				"type":"origins:raycast",
				"distance":32,
				"shape_type":"outline",
				"fluid_handling":"none",
				"bientity_action":{
					"type":"origins:target_action",
					"action":{
						"type":"origins:set_on_fire",
						"duration":5
					}
				},
				"command_along_ray":"particle minecraft:flame ~ ~ ~ 0 0 0 0 20",
				"command_at_hit":"function origins-plus-plus:dark-mage/scorch",
				"command_along_ray_only_on_hit":true
			},
			{
				"type":"origins:execute_command",
				"command":"clear @s minecraft:blaze_powder 1"
			}
		]
	},
	"condition":{
		"type":"origins:and",
		"conditions":[
			{
				"type":"origins:sneaking"
			},
			{
				"type":"origins:equipped_item",
				"equipment_slot":"offhand",
				"item_condition":{
					"type":"origins:ingredient",
					"ingredient":{
						"item":"minecraft:blaze_powder"
					}
				}
			}
		]
	}
}