{
	"type":"origins:active_self",
	"hidden":true,
	"key":"key.origins.primary_active",
	"cooldown":100,
	"entity_action":{
		"type":"origins:and",
		"actions":[
			{
				"type":"origins:execute_command",
				"command":"function origins-plus-plus:dark-mage/shatter"
			},
			{
				"type":"origins:equipped_item_action",
				"equipment_slot":"offhand",
				"action":{
					"type":"origins:damage",
					"amount":50
				}
			}
		]
	},
	"condition":{
		"type":"origins:and",
		"conditions":[
			{
				"type":"origins:sneaking"
			},
			{
				"type":"origins:equipped_item",
				"equipment_slot":"offhand",
				"item_condition":{
					"type":"origins:ingredient",
					"ingredient":{
						"item":"minecraft:netherite_pickaxe"
					}
				}
			},
			{
				"type":"origins:block_in_radius",
				"block_condition":{
					"type":"origins:in_tag",
					"tag":"origins-plus-plus:unbreakable"
				},
				"radius":3,
				"shape":"cube",
				"comparison":">=",
				"compare_to":1,
				"inverted":true
			}
		]
	}
}