{
	"type":"origins:multiple",
	"hidden":true,
	"callback":{
		"type":"origins:action_on_callback",
		"entity_action_lost":{
			"type":"origins:execute_command",
			"command":"team remove dark-mage"
		}
	},
	"add":{
		"type":"origins:active_self",
		"key":"key.origins.primary_active",
		"cooldown":100,
		"entity_action":{
			"type":"origins:and",
			"actions":[
				{
					"type":"origins:execute_command",
					"command":"function origins-plus-plus:dark-mage/team_add"
				},
				{
					"type":"origins:equipped_item_action",
					"equipment_slot":"offhand",
					"action":{
						"type":"origins:damage",
						"amount":20
					}
				}
			]
		},
		"condition":{
			"type":"origins:and",
			"conditions":[
				{
					"type":"origins:sneaking"
				},
				{
					"type":"origins:equipped_item",
					"equipment_slot":"offhand",
					"item_condition":{
						"type":"origins:ingredient",
						"ingredient":{
							"item":"minecraft:wooden_sword"
						}
					}
				}
			]
		}
	},
	"remove":{
		"type":"origins:active_self",
		"key":"key.origins.secondary_active",
		"cooldown":100,
		"entity_action":{
			"type":"origins:and",
			"actions":[
				{
					"type":"origins:execute_command",
					"command":"function origins-plus-plus:dark-mage/team_remove"
				},
				{
					"type":"origins:equipped_item_action",
					"equipment_slot":"offhand",
					"action":{
						"type":"origins:damage",
						"amount":20
					}
				}
			]
		},
		"condition":{
			"type":"origins:and",
			"conditions":[
				{
					"type":"origins:sneaking"
				},
				{
					"type":"origins:equipped_item",
					"equipment_slot":"offhand",
					"item_condition":{
						"type":"origins:ingredient",
						"ingredient":{
							"item":"minecraft:wooden_sword"
						}
					}
				}
			]
		}
	}
}