{
	"type":"origins:active_self",
	"hidden":true,
	"key":"key.origins.primary_active",
	"cooldown":100,
	"entity_action":{
		"type":"origins:and",
		"actions":[
			{
				"type":"origins:change_resource",
				"resource":"origins-plus-plus:dark-mage/resource",
				"change":-100
			},
			{
				"type":"origins:raycast",
				"distance":16,
				"shape_type":"outline",
				"fluid_handling":"none",
				"command_at_hit":"function origins-plus-plus:dark-mage/zoglins"
			},
			{
				"type":"origins:execute_command",
				"command":"clear @s minecraft:leather 1"
			}
		]
	},
	"condition":{
		"type":"origins:and",
		"conditions":[
			{
				"type":"origins:sneaking"
			},
			{
				"type":"origins:equipped_item",
				"equipment_slot":"offhand",
				"item_condition":{
					"type":"origins:ingredient",
					"ingredient":{
						"item":"minecraft:leather"
					}
				}
			}
		]
	}
}