{
	"key":"key.use",
	"type":"origins:active_self",
	"cooldown":50,
	"entity_action":{
		"type":"origins:and",
		"actions":[
			{
				"type":"origins:execute_command",
				"command":"clear @s minecraft:amethyst_shard 1"
			},
			{
				"type":"origins:delay",
				"ticks":1,
				"action":{
					"type":"origins:change_resource",
					"resource":"origins-plus-plus:blob/health_bar_resource",
					"change":50
				}
			},
			{
				"type":"origins:feed",
				"food":2.5,
				"saturation":1.5
			}
		]
	},
	"condition":{
		"type":"origins:equipped_item",
		"equipment_slot":"mainhand",
		"item_condition":{
			"type":"origins:ingredient",
			"ingredient":{
				"tag":"origins-plus-plus:amethyst"
			}
		}
	}
}