{
	"type":"origins:multiple",
	"scale":{
		"type":"origins:action_over_time",
		"entity_action":{
			"type":"origins:execute_command",
			"command":"function origins-plus-plus:blob/size"
		},
		"interval":20
	},
	"reset":{
		"type":"origins:action_on_callback",
		"entity_action_lost":{
			"type":"origins:execute_command",
			"command":"scale reset"
		}
	},
	"health":{
		"type":"origins:attribute",
		"hidden":true,
		"modifier":{
			"attribute":"minecraft:generic.max_health",
			"value":-10,
			"operation":"addition"
		},
		"update_health":true
	}
}