{
	"type":"origins:multiple",
	"resource":{
		"type":"origins:resource",
		"min":0,
		"max":1000,
		"start_value":1000,
		"hud_render":{
			"sprite_location":"origins:textures/gui/community/spiderkolo/resource_bar_01.png",
			"bar_index":15
		}
	},
	"hit":{
		"type":"origins:self_action_when_hit",
		"entity_action":{
			"type":"origins:change_resource",
			"resource":"*:*_resource",
			"change":-100
		},
		"cooldown":1
	},
	"modify_damage":{
		"type":"origins:modify_damage_taken",
		"modifier":{
			"name":"health",
			"operation":"multiply_base",
			"value":-0.9999
		},
		"condition":{
			"type":"origins:resource",
			"resource":"*:*_resource",
			"comparison":">=",
			"compare_to":1
		}
	},
	"respawn":{
		"type":"origins:action_on_callback",
		"entity_action_respawned":{
			"type":"origins:execute_command",
			"command":"resource set @s origins-plus-plus:blob/health_bar_resource 1000"
		}
	}
}