{
	"type":"origins:multiple",
	"fire_projectile":{
		"type":"origins:fire_projectile",
		"key":"key.origins.primary_active",
		"entity_type":"minecraft:dragon_fireball",
		"cooldown":100,
		"count":1,
		"speed":2,
		"divergence":1,
		"condition":{
			"type":"origins:resource",
			"resource":"origins-plus-plus:blob/health_bar_resource",
			"comparison":">=",
			"compare_to":1
		},
		"hud_render":{
			"sprite_location":"origins:textures/gui/community/huang/resource_bar_01.png",
			"bar_index":19
		}
	},
	"change_resource":{
		"type":"origins:active_self",
		"key":"key.origins.primary_active",
		"cooldown":100,
		"entity_action":{
			"type":"origins:change_resource",
			"resource":"origins-plus-plus:blob/health_bar_resource",
			"change":-200
		},
		"condition":{
			"type":"origins:resource",
			"resource":"origins-plus-plus:blob/health_bar_resource",
			"comparison":">=",
			"compare_to":1
		}
	}
}