{
	"type":"origins:stacking_status_effect",
	"min_stacks":0,
	"max_stacks":1,
	"duration_per_stack":20,
	"effect":{
		"effect":"minecraft:weakness",
		"show_particles":false,
		"show_icon":false
	},
	"condition":{
		"type":"origins:and",
		"conditions":[
			{
				"type":"origins:biome",
				"condition":{
					"type":"origins:temperature",
					"comparison":">",
					"compare_to":1
				}
			},
			{
				"type":"origins:dimension",
				"dimension":"minecraft:nether",
				"inverted":true
			}
		]
	}
}