{
	"type":"origins:multiple",
	"cooldown":{
		"type":"origins:cooldown",
		"cooldown":20,
		"hud_render":{
			"sprite_location":"origins:textures/gui/community/spiderkolo/resource_bar_03.png",
			"bar_index":23
		}
	},
	"forward":{
		"condition":{
			"type":"origins:resource",
			"resource":"*:*_cooldown",
			"comparison":"==",
			"compare_to":0
		},
		"type":"origins:active_self",
		"entity_action":{
			"type":"origins:if_else",
			"condition":{
				"type":"origins:resource",
				"resource":"*:*_double_forward",
				"comparison":"!=",
				"compare_to":0
			},
			"if_action":{
				"type":"origins:and",
				"actions":[
					{
						"type":"origins:add_velocity",
						"z":0.75,
						"space":"local_horizontal_normalized"
					},
					{
						"type":"origins:trigger_cooldown",
						"power":"*:*_cooldown"
					},
					{
						"type":"origins:execute_command",
						"command":"playsound minecraft:entity.witch.throw player @a[distance=..32] ~ ~ ~ .3 1"
					}
				]
			},
			"else_action":{
				"type":"origins:trigger_cooldown",
				"power":"*:*_double_forward"
			}
		},
		"key":"key.forward"
	},
	"left":{
		"condition":{
			"type":"origins:resource",
			"resource":"*:*_cooldown",
			"comparison":"==",
			"compare_to":0
		},
		"type":"origins:active_self",
		"entity_action":{
			"type":"origins:if_else",
			"condition":{
				"type":"origins:resource",
				"resource":"*:*_double_left",
				"comparison":"!=",
				"compare_to":0
			},
			"if_action":{
				"type":"origins:and",
				"actions":[
					{
						"type":"origins:add_velocity",
						"x":0.75,
						"space":"local_horizontal_normalized"
					},
					{
						"type":"origins:trigger_cooldown",
						"power":"*:*_cooldown"
					},
					{
						"type":"origins:execute_command",
						"command":"playsound minecraft:entity.witch.throw player @a[distance=..32] ~ ~ ~ .3 1"
					}
				]
			},
			"else_action":{
				"type":"origins:trigger_cooldown",
				"power":"*:*_double_left"
			}
		},
		"key":"key.left"
	},
	"back":{
		"condition":{
			"type":"origins:resource",
			"resource":"*:*_cooldown",
			"comparison":"==",
			"compare_to":0
		},
		"type":"origins:active_self",
		"entity_action":{
			"type":"origins:if_else",
			"condition":{
				"type":"origins:resource",
				"resource":"*:*_double_back",
				"comparison":"!=",
				"compare_to":0
			},
			"if_action":{
				"type":"origins:and",
				"actions":[
					{
						"type":"origins:add_velocity",
						"z":-0.75,
						"space":"local_horizontal_normalized"
					},
					{
						"type":"origins:trigger_cooldown",
						"power":"*:*_cooldown"
					},
					{
						"type":"origins:execute_command",
						"command":"playsound minecraft:entity.witch.throw player @a[distance=..32] ~ ~ ~ .3 1"
					}
				]
			},
			"else_action":{
				"type":"origins:trigger_cooldown",
				"power":"*:*_double_back"
			}
		},
		"key":"key.back"
	},
	"right":{
		"condition":{
			"type":"origins:resource",
			"resource":"*:*_cooldown",
			"comparison":"==",
			"compare_to":0
		},
		"type":"origins:active_self",
		"entity_action":{
			"type":"origins:if_else",
			"condition":{
				"type":"origins:resource",
				"resource":"*:*_double_right",
				"comparison":"!=",
				"compare_to":0
			},
			"if_action":{
				"type":"origins:and",
				"actions":[
					{
						"type":"origins:add_velocity",
						"x":-0.75,
						"space":"local_horizontal_normalized"
					},
					{
						"type":"origins:trigger_cooldown",
						"power":"*:*_cooldown"
					},
					{
						"type":"origins:execute_command",
						"command":"playsound minecraft:entity.witch.throw player @a[distance=..32] ~ ~ ~ .3 1"
					}
				]
			},
			"else_action":{
				"type":"origins:trigger_cooldown",
				"power":"*:*_double_right"
			}
		},
		"key":"key.right"
	},
	"double_forward":{
		"type":"origins:cooldown",
		"cooldown":5,
		"hud_render":{
			"should_render":false
		}
	},
	"double_left":{
		"type":"origins:cooldown",
		"cooldown":5,
		"hud_render":{
			"should_render":false
		}
	},
	"double_back":{
		"type":"origins:cooldown",
		"cooldown":5,
		"hud_render":{
			"should_render":false
		}
	},
	"double_right":{
		"type":"origins:cooldown",
		"cooldown":5,
		"hud_render":{
			"should_render":false
		}
	}
}