{
	"type":"origins:stacking_status_effect",
	"min_stacks":0,
	"max_stacks":1,
	"duration_per_stack":20,
	"effects":[
		{
			"effect":"minecraft:slowness",
			"amplifier":1,
			"show_particles":false,
			"show_icon":false
		},
		{
			"effect":"minecraft:hunger",
			"show_particles":false,
			"show_icon":false
		}
	],
	"condition":{
		"type":"origins:or",
		"conditions":[
			{
				"type":"origins:in_block",
				"block_condition":{
					"type":"origins:block",
					"block":"minecraft:water"
				}
			},
			{
				"type":"origins:in_rain"
			}
		]
	}
}