{
	"type":"origins:multiple",
	"xp":{
		"type":"origins:modify_xp_gain",
		"modifier":{
			"operation":"multiply_total",
			"value":1.75
		}
	},
	"book":{
		"condition":{
			"type":"origins:equipped_item",
			"equipment_slot":"mainhand",
			"item_condition":{
				"type":"origins:ingredient",
				"ingredient":{
					"item":"minecraft:book"
				}
			}
		},
		"type":"origins:active_self",
		"entity_action":{
			"type":"origins:and",
			"actions":[
				{
					"type":"origins:execute_command",
					"command":"clear @s minecraft:book 1"
				},
				{
					"type":"origins:add_xp",
					"points":10
				}
			]
		},
		"cooldown":10,
		"key":"key.use"
	}
}